-- MySQL dump 10.13  Distrib 5.7.12, for osx10.11 (x86_64)
--
-- Host: localhost    Database: dreassistor
-- ------------------------------------------------------
-- Server version	5.7.12

/*!40101 SET @OLD_CHARACTER_SET_CLIENT=@@CHARACTER_SET_CLIENT */;
/*!40101 SET @OLD_CHARACTER_SET_RESULTS=@@CHARACTER_SET_RESULTS */;
/*!40101 SET @OLD_COLLATION_CONNECTION=@@COLLATION_CONNECTION */;
/*!40101 SET NAMES utf8 */;
/*!40103 SET @OLD_TIME_ZONE=@@TIME_ZONE */;
/*!40103 SET TIME_ZONE='+00:00' */;
/*!40014 SET @OLD_UNIQUE_CHECKS=@@UNIQUE_CHECKS, UNIQUE_CHECKS=0 */;
/*!40014 SET @OLD_FOREIGN_KEY_CHECKS=@@FOREIGN_KEY_CHECKS, FOREIGN_KEY_CHECKS=0 */;
/*!40101 SET @OLD_SQL_MODE=@@SQL_MODE, SQL_MODE='NO_AUTO_VALUE_ON_ZERO' */;
/*!40111 SET @OLD_SQL_NOTES=@@SQL_NOTES, SQL_NOTES=0 */;

--
-- Current Database: `dreassistor`
--

CREATE DATABASE /*!32312 IF NOT EXISTS*/ `dreassistor` /*!40100 DEFAULT CHARACTER SET latin1 */;

USE `dreassistor`;

--
-- Table structure for table `attachment`
--

DROP TABLE IF EXISTS `attachment`;
/*!40101 SET @saved_cs_client     = @@character_set_client */;
/*!40101 SET character_set_client = utf8 */;
CREATE TABLE `attachment` (
  `id` int(10) unsigned NOT NULL AUTO_INCREMENT,
  `label` varchar(45) DEFAULT NULL,
  `url` varchar(500) DEFAULT NULL,
  `taskId` int(10) unsigned DEFAULT NULL,
  `propertyId` int(10) unsigned DEFAULT NULL,
  `create_time` timestamp NULL DEFAULT CURRENT_TIMESTAMP,
  `update_time` timestamp NULL DEFAULT CURRENT_TIMESTAMP ON UPDATE CURRENT_TIMESTAMP,
  `flag` tinyint(3) unsigned DEFAULT '0',
  PRIMARY KEY (`id`),
  UNIQUE KEY `id_UNIQUE` (`id`),
  KEY `task_attachment_idx` (`taskId`),
  KEY `property_attachment_idx` (`propertyId`),
  CONSTRAINT `property_attachment` FOREIGN KEY (`propertyId`) REFERENCES `property` (`id`) ON DELETE NO ACTION ON UPDATE NO ACTION,
  CONSTRAINT `task_attachment` FOREIGN KEY (`taskId`) REFERENCES `task` (`id`) ON DELETE NO ACTION ON UPDATE NO ACTION
) ENGINE=InnoDB AUTO_INCREMENT=4 DEFAULT CHARSET=utf8;
/*!40101 SET character_set_client = @saved_cs_client */;

--
-- Dumping data for table `attachment`
--

LOCK TABLES `attachment` WRITE;
/*!40000 ALTER TABLE `attachment` DISABLE KEYS */;
INSERT INTO `attachment` VALUES (1,'t1',NULL,NULL,NULL,'2016-08-26 05:59:43',NULL,0),(2,'t2',NULL,NULL,NULL,'2016-08-26 06:07:57',NULL,0),(3,'test',NULL,NULL,NULL,'2016-08-27 06:03:05','2016-08-27 06:03:05',0);
/*!40000 ALTER TABLE `attachment` ENABLE KEYS */;
UNLOCK TABLES;

--
-- Table structure for table `curve`
--

DROP TABLE IF EXISTS `curve`;
/*!40101 SET @saved_cs_client     = @@character_set_client */;
/*!40101 SET character_set_client = utf8 */;
CREATE TABLE `curve` (
  `id` int(10) unsigned NOT NULL AUTO_INCREMENT,
  `caption` varchar(100) DEFAULT NULL,
  `data` json DEFAULT NULL,
  `series` json DEFAULT NULL,
  `propertyId` int(10) unsigned NOT NULL,
  `create_time` timestamp NULL DEFAULT CURRENT_TIMESTAMP,
  `update_time` timestamp NULL DEFAULT CURRENT_TIMESTAMP ON UPDATE CURRENT_TIMESTAMP,
  `flag` tinyint(3) unsigned DEFAULT '0',
  PRIMARY KEY (`id`),
  UNIQUE KEY `id_UNIQUE` (`id`),
  KEY `property_curve_idx` (`propertyId`),
  CONSTRAINT `property_curve` FOREIGN KEY (`propertyId`) REFERENCES `property` (`id`) ON DELETE NO ACTION ON UPDATE NO ACTION
) ENGINE=InnoDB DEFAULT CHARSET=utf8;
/*!40101 SET character_set_client = @saved_cs_client */;

--
-- Dumping data for table `curve`
--

LOCK TABLES `curve` WRITE;
/*!40000 ALTER TABLE `curve` DISABLE KEYS */;
/*!40000 ALTER TABLE `curve` ENABLE KEYS */;
UNLOCK TABLES;

--
-- Table structure for table `engine`
--

DROP TABLE IF EXISTS `engine`;
/*!40101 SET @saved_cs_client     = @@character_set_client */;
/*!40101 SET character_set_client = utf8 */;
CREATE TABLE `engine` (
  `id` int(10) unsigned NOT NULL AUTO_INCREMENT,
  `projectId` int(10) unsigned DEFAULT NULL,
  `create_time` timestamp NULL DEFAULT CURRENT_TIMESTAMP,
  `update_time` timestamp NULL DEFAULT CURRENT_TIMESTAMP ON UPDATE CURRENT_TIMESTAMP,
  `flag` tinyint(3) unsigned DEFAULT '0',
  PRIMARY KEY (`id`),
  UNIQUE KEY `id_UNIQUE` (`id`),
  KEY `project_engine_idx` (`projectId`),
  CONSTRAINT `project_engine` FOREIGN KEY (`projectId`) REFERENCES `project` (`id`) ON DELETE NO ACTION ON UPDATE NO ACTION
) ENGINE=InnoDB AUTO_INCREMENT=15 DEFAULT CHARSET=utf8;
/*!40101 SET character_set_client = @saved_cs_client */;

--
-- Dumping data for table `engine`
--

LOCK TABLES `engine` WRITE;
/*!40000 ALTER TABLE `engine` DISABLE KEYS */;
INSERT INTO `engine` VALUES (1,41,'2016-08-28 15:04:06','2016-08-28 15:04:06',0),(2,41,'2016-08-28 15:04:06','2016-08-28 15:04:06',0),(3,42,'2016-08-28 23:24:39','2016-08-28 23:24:39',0),(4,42,'2016-08-28 23:24:39','2016-08-28 23:24:39',0),(5,43,'2016-08-29 00:09:30','2016-08-29 00:09:30',0),(6,43,'2016-08-29 00:09:30','2016-08-29 00:09:30',0),(11,46,'2016-08-29 00:15:05','2016-08-29 00:15:05',0),(12,46,'2016-08-29 00:15:05','2016-08-29 00:15:05',0),(13,47,'2016-08-29 01:57:28','2016-08-29 01:57:28',0),(14,47,'2016-08-29 01:57:28','2016-08-29 01:57:28',0);
/*!40000 ALTER TABLE `engine` ENABLE KEYS */;
UNLOCK TABLES;

--
-- Table structure for table `image`
--

DROP TABLE IF EXISTS `image`;
/*!40101 SET @saved_cs_client     = @@character_set_client */;
/*!40101 SET character_set_client = utf8 */;
CREATE TABLE `image` (
  `id` int(10) unsigned NOT NULL AUTO_INCREMENT,
  `label` varchar(45) DEFAULT NULL,
  `url` varchar(500) DEFAULT NULL,
  `propertyId` int(10) unsigned DEFAULT NULL,
  `create_time` timestamp NULL DEFAULT CURRENT_TIMESTAMP,
  `update_time` timestamp NULL DEFAULT CURRENT_TIMESTAMP ON UPDATE CURRENT_TIMESTAMP,
  `flag` tinyint(3) unsigned DEFAULT '0',
  PRIMARY KEY (`id`),
  UNIQUE KEY `id_UNIQUE` (`id`),
  KEY `property_image_idx` (`propertyId`),
  CONSTRAINT `property_image` FOREIGN KEY (`propertyId`) REFERENCES `property` (`id`) ON DELETE NO ACTION ON UPDATE NO ACTION
) ENGINE=InnoDB DEFAULT CHARSET=utf8;
/*!40101 SET character_set_client = @saved_cs_client */;

--
-- Dumping data for table `image`
--

LOCK TABLES `image` WRITE;
/*!40000 ALTER TABLE `image` DISABLE KEYS */;
/*!40000 ALTER TABLE `image` ENABLE KEYS */;
UNLOCK TABLES;

--
-- Table structure for table `project`
--

DROP TABLE IF EXISTS `project`;
/*!40101 SET @saved_cs_client     = @@character_set_client */;
/*!40101 SET character_set_client = utf8 */;
CREATE TABLE `project` (
  `id` int(10) unsigned NOT NULL AUTO_INCREMENT,
  `creatorId` int(10) NOT NULL COMMENT 'foreign key with user table;',
  `create_time` timestamp NULL DEFAULT CURRENT_TIMESTAMP,
  `update_time` timestamp NULL DEFAULT CURRENT_TIMESTAMP ON UPDATE CURRENT_TIMESTAMP,
  `flag` tinyint(3) unsigned DEFAULT '0',
  `label` varchar(200) DEFAULT NULL,
  PRIMARY KEY (`id`),
  UNIQUE KEY `id_UNIQUE` (`id`),
  KEY `user_project_idx` (`creatorId`),
  CONSTRAINT `user_project` FOREIGN KEY (`creatorId`) REFERENCES `user` (`id`) ON DELETE NO ACTION ON UPDATE NO ACTION
) ENGINE=InnoDB AUTO_INCREMENT=48 DEFAULT CHARSET=utf8;
/*!40101 SET character_set_client = @saved_cs_client */;

--
-- Dumping data for table `project`
--

LOCK TABLES `project` WRITE;
/*!40000 ALTER TABLE `project` DISABLE KEYS */;
INSERT INTO `project` VALUES (15,2,'2016-08-28 00:28:53','2016-08-28 00:28:53',0,NULL),(16,2,'2016-08-28 01:53:57','2016-08-28 01:53:57',0,NULL),(17,2,'2016-08-28 01:58:21','2016-08-28 01:58:21',0,NULL),(18,2,'2016-08-28 02:02:32','2016-08-28 02:02:32',0,NULL),(19,2,'2016-08-28 02:16:12','2016-08-28 02:16:12',0,NULL),(20,2,'2016-08-28 02:26:34','2016-08-28 02:26:34',0,NULL),(22,2,'2016-08-28 03:23:17','2016-08-28 03:23:17',0,NULL),(23,2,'2016-08-28 03:25:48','2016-08-28 03:25:48',0,NULL),(31,2,'2016-08-28 04:58:49','2016-08-28 04:58:49',0,NULL),(32,2,'2016-08-28 05:00:47','2016-08-28 05:00:47',0,NULL),(33,2,'2016-08-28 05:18:30','2016-08-28 05:18:30',0,NULL),(34,2,'2016-08-28 05:19:01','2016-08-28 05:19:01',0,NULL),(35,2,'2016-08-28 05:19:10','2016-08-28 05:19:10',0,NULL),(36,2,'2016-08-28 05:19:26','2016-08-28 05:19:26',0,NULL),(37,2,'2016-08-28 12:51:46','2016-08-28 12:51:46',0,NULL),(38,2,'2016-08-28 14:56:06','2016-08-28 14:56:06',0,NULL),(41,2,'2016-08-28 15:03:54','2016-08-28 15:03:54',0,NULL),(42,2,'2016-08-28 23:24:28','2016-08-28 23:24:28',0,NULL),(43,2,'2016-08-29 00:09:30','2016-08-29 00:09:30',0,NULL),(46,2,'2016-08-29 00:15:05','2016-08-29 00:15:05',0,NULL),(47,3,'2016-08-29 01:57:28','2016-08-29 04:03:10',0,NULL);
/*!40000 ALTER TABLE `project` ENABLE KEYS */;
UNLOCK TABLES;

--
-- Table structure for table `property`
--

DROP TABLE IF EXISTS `property`;
/*!40101 SET @saved_cs_client     = @@character_set_client */;
/*!40101 SET character_set_client = utf8 */;
CREATE TABLE `property` (
  `id` int(10) unsigned NOT NULL AUTO_INCREMENT,
  `dropdown_id` int(11) DEFAULT NULL,
  `text` varchar(500) DEFAULT NULL,
  `value` float DEFAULT NULL,
  `ref_key` varchar(100) DEFAULT NULL,
  `status` bit(1) DEFAULT NULL,
  `label` varchar(100) DEFAULT NULL,
  `engineId` int(10) unsigned DEFAULT NULL,
  `projectId` int(10) unsigned DEFAULT NULL,
  `property_wrap_id` int(10) unsigned DEFAULT NULL,
  `create_time` timestamp NULL DEFAULT CURRENT_TIMESTAMP,
  `update_time` timestamp NULL DEFAULT CURRENT_TIMESTAMP ON UPDATE CURRENT_TIMESTAMP,
  `flag` tinyint(3) unsigned DEFAULT '0',
  PRIMARY KEY (`id`),
  UNIQUE KEY `id_UNIQUE` (`id`),
  KEY `project_property_idx` (`projectId`),
  KEY `engine_property_idx` (`engineId`),
  KEY `property_wrap_property_idx` (`property_wrap_id`),
  CONSTRAINT `engine_property` FOREIGN KEY (`engineId`) REFERENCES `engine` (`id`) ON DELETE NO ACTION ON UPDATE NO ACTION,
  CONSTRAINT `project_property` FOREIGN KEY (`projectId`) REFERENCES `project` (`id`) ON DELETE NO ACTION ON UPDATE NO ACTION,
  CONSTRAINT `property_wrap_property` FOREIGN KEY (`property_wrap_id`) REFERENCES `property_wrap` (`id`) ON DELETE NO ACTION ON UPDATE NO ACTION
) ENGINE=InnoDB AUTO_INCREMENT=258 DEFAULT CHARSET=utf8;
/*!40101 SET character_set_client = @saved_cs_client */;

--
-- Dumping data for table `property`
--

LOCK TABLES `property` WRITE;
/*!40000 ALTER TABLE `property` DISABLE KEYS */;
INSERT INTO `property` VALUES (5,NULL,'',NULL,NULL,NULL,'凯迪拉克',NULL,36,NULL,'2016-08-28 12:46:21','2016-08-28 12:46:21',0),(6,NULL,NULL,NULL,NULL,NULL,'sorp',NULL,36,NULL,'2016-08-28 12:46:21','2016-08-28 12:46:21',0),(7,NULL,'',NULL,NULL,NULL,'platform',NULL,36,NULL,'2016-08-28 12:46:21','2016-08-28 12:46:21',0),(8,NULL,'',NULL,NULL,NULL,'body style',NULL,36,NULL,'2016-08-28 12:46:21','2016-08-28 12:46:21',0),(9,NULL,'',NULL,NULL,NULL,'凯迪拉克',NULL,37,NULL,'2016-08-28 12:51:46','2016-08-28 12:51:46',0),(10,NULL,NULL,NULL,NULL,NULL,'sorp',NULL,37,NULL,'2016-08-28 12:51:46','2016-08-28 12:51:46',0),(11,NULL,'',NULL,NULL,NULL,'platform',NULL,37,NULL,'2016-08-28 12:51:46','2016-08-28 12:51:46',0),(12,NULL,'',NULL,NULL,NULL,'body style',NULL,37,NULL,'2016-08-28 12:51:46','2016-08-28 12:51:46',0),(13,NULL,'',NULL,NULL,NULL,'凯迪拉克',NULL,38,NULL,'2016-08-28 14:56:11','2016-08-28 14:56:11',0),(14,NULL,NULL,NULL,NULL,NULL,'sorp',NULL,38,NULL,'2016-08-28 14:56:11','2016-08-28 14:56:11',0),(15,NULL,'',NULL,NULL,NULL,'platform',NULL,38,NULL,'2016-08-28 14:56:11','2016-08-28 14:56:11',0),(16,NULL,'',NULL,NULL,NULL,'body style',NULL,38,NULL,'2016-08-28 14:56:11','2016-08-28 14:56:11',0),(21,NULL,'',NULL,NULL,NULL,'凯迪拉克',NULL,41,NULL,'2016-08-28 15:04:06','2016-08-28 15:04:06',0),(22,NULL,NULL,NULL,NULL,NULL,'sorp',NULL,41,NULL,'2016-08-28 15:04:06','2016-08-28 15:04:06',0),(23,NULL,'',NULL,NULL,NULL,'platform',NULL,41,NULL,'2016-08-28 15:04:06','2016-08-28 15:04:06',0),(24,NULL,'',NULL,NULL,NULL,'body style',NULL,41,NULL,'2016-08-28 15:04:06','2016-08-28 15:04:06',0),(25,NULL,'',NULL,NULL,NULL,'凯迪拉克',NULL,42,NULL,'2016-08-28 23:24:39','2016-08-28 23:24:39',0),(26,NULL,NULL,NULL,NULL,NULL,'sorp',NULL,42,NULL,'2016-08-28 23:24:39','2016-08-28 23:24:39',0),(27,NULL,'',NULL,NULL,NULL,'platform',NULL,42,NULL,'2016-08-28 23:24:39','2016-08-28 23:24:39',0),(28,NULL,'',NULL,NULL,NULL,'body style',NULL,42,NULL,'2016-08-28 23:24:39','2016-08-28 23:24:39',0),(29,NULL,'',NULL,NULL,NULL,'凯迪拉克',NULL,43,NULL,'2016-08-29 00:09:30','2016-08-29 00:09:30',0),(30,NULL,NULL,NULL,NULL,NULL,'sorp',NULL,43,NULL,'2016-08-29 00:09:30','2016-08-29 00:09:30',0),(31,NULL,'',NULL,NULL,NULL,'platform',NULL,43,NULL,'2016-08-29 00:09:30','2016-08-29 00:09:30',0),(32,NULL,'',NULL,NULL,NULL,'body style',NULL,43,NULL,'2016-08-29 00:09:30','2016-08-29 00:09:30',0),(41,NULL,'',NULL,NULL,NULL,'凯迪拉克',NULL,46,NULL,'2016-08-29 00:15:05','2016-08-29 00:15:05',0),(42,NULL,NULL,NULL,NULL,NULL,'sorp',NULL,46,NULL,'2016-08-29 00:15:05','2016-08-29 00:15:05',0),(43,NULL,'',NULL,NULL,NULL,'platform',NULL,46,NULL,'2016-08-29 00:15:05','2016-08-29 00:15:05',0),(44,NULL,'',NULL,NULL,NULL,'body style',NULL,46,NULL,'2016-08-29 00:15:05','2016-08-29 00:15:05',0),(45,NULL,NULL,NULL,NULL,NULL,NULL,11,NULL,NULL,'2016-08-29 00:15:05','2016-08-29 00:15:05',0),(46,NULL,NULL,NULL,NULL,NULL,NULL,12,NULL,NULL,'2016-08-29 00:15:05','2016-08-29 00:15:05',0),(47,NULL,'',NULL,NULL,NULL,'凯迪拉克',NULL,47,NULL,'2016-08-29 01:57:28','2016-08-29 01:57:28',0),(48,NULL,NULL,NULL,NULL,NULL,'sorp',NULL,47,NULL,'2016-08-29 01:57:28','2016-08-29 01:57:28',0),(49,NULL,'',NULL,NULL,NULL,'platform',NULL,47,NULL,'2016-08-29 01:57:28','2016-08-29 01:57:28',0),(50,NULL,'',NULL,NULL,NULL,'body style',NULL,47,NULL,'2016-08-29 01:57:28','2016-08-29 01:57:28',0),(51,NULL,NULL,NULL,NULL,NULL,NULL,13,NULL,NULL,'2016-08-29 01:57:28','2016-08-29 01:57:28',0),(52,NULL,NULL,NULL,NULL,NULL,NULL,14,NULL,NULL,'2016-08-29 01:57:28','2016-08-29 01:57:28',0),(53,NULL,NULL,NULL,NULL,NULL,NULL,NULL,NULL,13,'2016-08-30 03:43:05','2016-08-30 03:43:05',0),(54,0,NULL,NULL,NULL,NULL,'品牌',NULL,NULL,31,'2016-08-30 04:02:31','2016-08-30 04:02:31',0),(55,NULL,'',NULL,NULL,NULL,'传递损失',NULL,NULL,37,'2016-08-30 04:31:00','2016-08-30 04:31:00',0),(56,NULL,'',NULL,NULL,NULL,'传递损失',NULL,NULL,43,'2016-08-30 04:32:07','2016-08-30 04:32:07',0),(57,0,NULL,NULL,NULL,NULL,'品牌',NULL,NULL,49,'2016-08-30 04:33:07','2016-08-30 04:33:07',0),(58,0,NULL,NULL,NULL,NULL,'车型',NULL,NULL,49,'2016-08-30 04:33:07','2016-08-30 04:33:07',0),(59,0,NULL,NULL,NULL,NULL,'配置型号（车型年）',NULL,NULL,49,'2016-08-30 04:33:07','2016-08-30 04:33:07',0),(60,NULL,NULL,100,NULL,NULL,'官方指导价',NULL,NULL,49,'2016-08-30 04:33:07','2016-08-30 04:33:07',0),(61,0,NULL,NULL,NULL,NULL,'车体形式',NULL,NULL,49,'2016-08-30 04:33:07','2016-08-30 04:33:07',0),(62,0,NULL,NULL,NULL,NULL,'车型级别',NULL,NULL,49,'2016-08-30 04:33:07','2016-08-30 04:33:07',0),(63,NULL,NULL,0,NULL,NULL,'发动机排量',NULL,NULL,49,'2016-08-30 04:33:07','2016-08-30 04:33:07',0),(64,0,NULL,NULL,NULL,NULL,'进气形式',NULL,NULL,49,'2016-08-30 04:33:07','2016-08-30 04:33:07',0),(65,0,NULL,NULL,NULL,NULL,'气缸排列形式',NULL,NULL,49,'2016-08-30 04:33:07','2016-08-30 04:33:07',0),(66,0,NULL,NULL,NULL,NULL,'气缸数',NULL,NULL,49,'2016-08-30 04:33:07','2016-08-30 04:33:07',0),(67,NULL,NULL,0,NULL,NULL,'最大马力（Ps）',NULL,NULL,49,'2016-08-30 04:33:07','2016-08-30 04:33:07',0),(68,NULL,NULL,0,NULL,NULL,'最大功率（KW）',NULL,NULL,49,'2016-08-30 04:33:07','2016-08-30 04:33:07',0),(69,NULL,NULL,0,NULL,NULL,'最大功率转速（rpm）',NULL,NULL,49,'2016-08-30 04:33:07','2016-08-30 04:33:07',0),(70,NULL,NULL,0,NULL,NULL,'最大扭矩（N.m）',NULL,NULL,49,'2016-08-30 04:33:07','2016-08-30 04:33:07',0),(71,NULL,NULL,0,NULL,NULL,'最大扭矩转速（rpm）',NULL,NULL,49,'2016-08-30 04:33:07','2016-08-30 04:33:07',0),(72,0,NULL,NULL,NULL,NULL,'拆解时间',NULL,NULL,49,'2016-08-30 04:33:07','2016-08-30 04:33:07',0),(73,0,NULL,NULL,NULL,NULL,'与SGM对标车型',NULL,NULL,49,'2016-08-30 04:33:07','2016-08-30 04:33:07',0),(74,NULL,'整车数模号',NULL,NULL,NULL,'整车数模号',NULL,NULL,49,'2016-08-30 04:33:07','2016-08-30 04:33:07',0),(75,NULL,'AHE28708',NULL,NULL,NULL,'进气系统数模号',NULL,NULL,49,'2016-08-30 04:33:07','2016-08-30 04:33:07',0),(76,NULL,'上海美嘉',NULL,NULL,NULL,'供应商',NULL,NULL,49,'2016-08-30 04:33:07','2016-08-30 04:33:07',0),(77,NULL,'位于tie bar 上方，较好的涉水性能',NULL,NULL,NULL,'设计亮点',NULL,NULL,49,'2016-08-30 04:33:07','2016-08-30 04:33:07',0),(78,NULL,'',0,NULL,NULL,'进气管周边零件间隙',NULL,NULL,55,'2016-08-30 04:34:19','2016-08-30 04:34:19',0),(79,NULL,NULL,0,NULL,NULL,'零件重量',NULL,NULL,61,'2016-08-30 04:35:32','2016-08-30 04:35:32',0),(80,NULL,NULL,0,NULL,NULL,'零件重量',NULL,NULL,67,'2016-08-30 04:36:06','2016-08-30 04:36:06',0),(81,NULL,NULL,0,NULL,NULL,'零件容积',NULL,NULL,67,'2016-08-30 04:36:06','2016-08-30 04:36:06',0),(82,NULL,NULL,0,NULL,NULL,'零件壁厚',NULL,NULL,67,'2016-08-30 04:36:06','2016-08-30 04:36:06',0),(83,NULL,NULL,0,NULL,NULL,'零件尺寸（长）',NULL,NULL,67,'2016-08-30 04:36:06','2016-08-30 04:36:06',0),(84,NULL,NULL,0,NULL,NULL,'零件尺寸（宽）',NULL,NULL,67,'2016-08-30 04:36:06','2016-08-30 04:36:06',0),(85,NULL,NULL,0,NULL,NULL,'零件尺寸（高）',NULL,NULL,67,'2016-08-30 04:36:06','2016-08-30 04:36:06',0),(86,0,NULL,NULL,NULL,NULL,'零件材质',NULL,NULL,67,'2016-08-30 04:36:06','2016-08-30 04:36:06',0),(87,NULL,'tie bar之上',NULL,NULL,NULL,'进气口位置',NULL,NULL,67,'2016-08-30 04:36:06','2016-08-30 04:36:06',0),(88,NULL,NULL,0,NULL,NULL,'进气口面积',NULL,NULL,67,'2016-08-30 04:36:06','2016-08-30 04:36:06',0),(89,0,NULL,NULL,NULL,NULL,'工艺',NULL,NULL,67,'2016-08-30 04:36:06','2016-08-30 04:36:06',0),(90,0,'防水零件:',NULL,NULL,NULL,'防水措施',NULL,NULL,67,'2016-08-30 04:36:06','2016-08-30 04:36:06',0),(91,0,'通过何种方式隔绝前舱热空气：',NULL,NULL,NULL,'thermal措施',NULL,NULL,67,'2016-08-30 04:36:06','2016-08-30 04:36:06',0),(92,NULL,'数量 3, 螺栓, 螺母, 支架',NULL,NULL,NULL,'谐振器安装点',NULL,NULL,67,'2016-08-30 04:36:06','2016-08-30 04:36:06',0),(93,NULL,'',0,NULL,NULL,'进气管周边零件间隙',NULL,NULL,67,'2016-08-30 04:36:06','2016-08-30 04:36:06',0),(94,0,NULL,NULL,NULL,NULL,'品牌',NULL,NULL,73,'2016-08-30 04:37:01','2016-08-30 04:37:01',0),(95,0,NULL,NULL,NULL,NULL,'车型',NULL,NULL,73,'2016-08-30 04:37:01','2016-08-30 04:37:01',0),(96,0,NULL,NULL,NULL,NULL,'配置型号（车型年）',NULL,NULL,73,'2016-08-30 04:37:01','2016-08-30 04:37:01',0),(97,NULL,NULL,100,NULL,NULL,'官方指导价',NULL,NULL,73,'2016-08-30 04:37:01','2016-08-30 04:37:01',0),(98,0,NULL,NULL,NULL,NULL,'车体形式',NULL,NULL,73,'2016-08-30 04:37:01','2016-08-30 04:37:01',0),(99,0,NULL,NULL,NULL,NULL,'车型级别',NULL,NULL,73,'2016-08-30 04:37:01','2016-08-30 04:37:01',0),(100,NULL,NULL,0,NULL,NULL,'发动机排量',NULL,NULL,73,'2016-08-30 04:37:01','2016-08-30 04:37:01',0),(101,0,NULL,NULL,NULL,NULL,'进气形式',NULL,NULL,73,'2016-08-30 04:37:01','2016-08-30 04:37:01',0),(102,0,NULL,NULL,NULL,NULL,'气缸排列形式',NULL,NULL,73,'2016-08-30 04:37:01','2016-08-30 04:37:01',0),(103,0,NULL,NULL,NULL,NULL,'气缸数',NULL,NULL,73,'2016-08-30 04:37:01','2016-08-30 04:37:01',0),(104,NULL,NULL,0,NULL,NULL,'最大马力（Ps）',NULL,NULL,73,'2016-08-30 04:37:01','2016-08-30 04:37:01',0),(105,NULL,NULL,0,NULL,NULL,'最大功率（KW）',NULL,NULL,73,'2016-08-30 04:37:01','2016-08-30 04:37:01',0),(106,NULL,NULL,0,NULL,NULL,'最大功率转速（rpm）',NULL,NULL,73,'2016-08-30 04:37:01','2016-08-30 04:37:01',0),(107,NULL,NULL,0,NULL,NULL,'最大扭矩（N.m）',NULL,NULL,73,'2016-08-30 04:37:01','2016-08-30 04:37:01',0),(108,NULL,NULL,0,NULL,NULL,'最大扭矩转速（rpm）',NULL,NULL,73,'2016-08-30 04:37:01','2016-08-30 04:37:01',0),(109,0,NULL,NULL,NULL,NULL,'拆解时间',NULL,NULL,73,'2016-08-30 04:37:01','2016-08-30 04:37:01',0),(110,0,NULL,NULL,NULL,NULL,'与SGM对标车型',NULL,NULL,73,'2016-08-30 04:37:01','2016-08-30 04:37:01',0),(111,NULL,'整车数模号',NULL,NULL,NULL,'整车数模号',NULL,NULL,73,'2016-08-30 04:37:01','2016-08-30 04:37:01',0),(112,NULL,'AHE28708',NULL,NULL,NULL,'进气系统数模号',NULL,NULL,73,'2016-08-30 04:37:01','2016-08-30 04:37:01',0),(113,NULL,'上海美嘉',NULL,NULL,NULL,'供应商',NULL,NULL,73,'2016-08-30 04:37:01','2016-08-30 04:37:01',0),(114,NULL,'位于tie bar 上方，较好的涉水性能',NULL,NULL,NULL,'设计亮点',NULL,NULL,73,'2016-08-30 04:37:01','2016-08-30 04:37:01',0),(115,NULL,NULL,0,NULL,NULL,'零件重量',NULL,NULL,74,'2016-08-30 04:37:01','2016-08-30 04:37:01',0),(116,NULL,NULL,0,NULL,NULL,'零件容积',NULL,NULL,74,'2016-08-30 04:37:01','2016-08-30 04:37:01',0),(117,NULL,NULL,0,NULL,NULL,'零件壁厚',NULL,NULL,74,'2016-08-30 04:37:01','2016-08-30 04:37:01',0),(118,NULL,NULL,0,NULL,NULL,'零件尺寸（长）',NULL,NULL,74,'2016-08-30 04:37:01','2016-08-30 04:37:01',0),(119,NULL,NULL,0,NULL,NULL,'零件尺寸（宽）',NULL,NULL,74,'2016-08-30 04:37:01','2016-08-30 04:37:01',0),(120,NULL,NULL,0,NULL,NULL,'零件尺寸（高）',NULL,NULL,74,'2016-08-30 04:37:01','2016-08-30 04:37:01',0),(121,0,NULL,NULL,NULL,NULL,'零件材质',NULL,NULL,74,'2016-08-30 04:37:01','2016-08-30 04:37:01',0),(122,NULL,'tie bar之上',NULL,NULL,NULL,'进气口位置',NULL,NULL,74,'2016-08-30 04:37:01','2016-08-30 04:37:01',0),(123,NULL,NULL,0,NULL,NULL,'进气口面积',NULL,NULL,74,'2016-08-30 04:37:01','2016-08-30 04:37:01',0),(124,0,NULL,NULL,NULL,NULL,'工艺',NULL,NULL,74,'2016-08-30 04:37:01','2016-08-30 04:37:01',0),(125,0,'防水零件:',NULL,NULL,NULL,'防水措施',NULL,NULL,74,'2016-08-30 04:37:01','2016-08-30 04:37:01',0),(126,0,'通过何种方式隔绝前舱热空气：',NULL,NULL,NULL,'thermal措施',NULL,NULL,74,'2016-08-30 04:37:01','2016-08-30 04:37:01',0),(127,NULL,'数量 3, 螺栓, 螺母, 支架',NULL,NULL,NULL,'谐振器安装点',NULL,NULL,74,'2016-08-30 04:37:01','2016-08-30 04:37:01',0),(128,NULL,'',0,NULL,NULL,'进气管周边零件间隙',NULL,NULL,74,'2016-08-30 04:37:01','2016-08-30 04:37:01',0),(129,0,NULL,NULL,NULL,NULL,'品牌',NULL,NULL,79,'2016-08-30 04:38:28','2016-08-30 04:38:28',0),(130,0,NULL,NULL,NULL,NULL,'车型',NULL,NULL,79,'2016-08-30 04:38:28','2016-08-30 04:38:28',0),(131,0,NULL,NULL,NULL,NULL,'配置型号（车型年）',NULL,NULL,79,'2016-08-30 04:38:28','2016-08-30 04:38:28',0),(132,NULL,NULL,100,NULL,NULL,'官方指导价',NULL,NULL,79,'2016-08-30 04:38:28','2016-08-30 04:38:28',0),(133,0,NULL,NULL,NULL,NULL,'车体形式',NULL,NULL,79,'2016-08-30 04:38:28','2016-08-30 04:38:28',0),(134,0,NULL,NULL,NULL,NULL,'车型级别',NULL,NULL,79,'2016-08-30 04:38:28','2016-08-30 04:38:28',0),(135,NULL,NULL,0,NULL,NULL,'发动机排量',NULL,NULL,79,'2016-08-30 04:38:28','2016-08-30 04:38:28',0),(136,0,NULL,NULL,NULL,NULL,'进气形式',NULL,NULL,79,'2016-08-30 04:38:28','2016-08-30 04:38:28',0),(137,0,NULL,NULL,NULL,NULL,'气缸排列形式',NULL,NULL,79,'2016-08-30 04:38:28','2016-08-30 04:38:28',0),(138,0,NULL,NULL,NULL,NULL,'气缸数',NULL,NULL,79,'2016-08-30 04:38:28','2016-08-30 04:38:28',0),(139,NULL,NULL,0,NULL,NULL,'最大马力（Ps）',NULL,NULL,79,'2016-08-30 04:38:28','2016-08-30 04:38:28',0),(140,NULL,NULL,0,NULL,NULL,'最大功率（KW）',NULL,NULL,79,'2016-08-30 04:38:28','2016-08-30 04:38:28',0),(141,NULL,NULL,0,NULL,NULL,'最大功率转速（rpm）',NULL,NULL,79,'2016-08-30 04:38:28','2016-08-30 04:38:28',0),(142,NULL,NULL,0,NULL,NULL,'最大扭矩（N.m）',NULL,NULL,79,'2016-08-30 04:38:28','2016-08-30 04:38:28',0),(143,NULL,NULL,0,NULL,NULL,'最大扭矩转速（rpm）',NULL,NULL,79,'2016-08-30 04:38:28','2016-08-30 04:38:28',0),(144,0,NULL,NULL,NULL,NULL,'拆解时间',NULL,NULL,79,'2016-08-30 04:38:28','2016-08-30 04:38:28',0),(145,0,NULL,NULL,NULL,NULL,'与SGM对标车型',NULL,NULL,79,'2016-08-30 04:38:28','2016-08-30 04:38:28',0),(146,NULL,'整车数模号',NULL,NULL,NULL,'整车数模号',NULL,NULL,79,'2016-08-30 04:38:28','2016-08-30 04:38:28',0),(147,NULL,'AHE28708',NULL,NULL,NULL,'进气系统数模号',NULL,NULL,79,'2016-08-30 04:38:28','2016-08-30 04:38:28',0),(148,NULL,'上海美嘉',NULL,NULL,NULL,'供应商',NULL,NULL,79,'2016-08-30 04:38:28','2016-08-30 04:38:28',0),(149,NULL,'位于tie bar 上方，较好的涉水性能',NULL,NULL,NULL,'设计亮点',NULL,NULL,79,'2016-08-30 04:38:28','2016-08-30 04:38:28',0),(150,NULL,NULL,0,NULL,NULL,'零件重量',NULL,NULL,80,'2016-08-30 04:38:28','2016-08-30 04:38:28',0),(151,NULL,NULL,0,NULL,NULL,'零件容积',NULL,NULL,80,'2016-08-30 04:38:28','2016-08-30 04:38:28',0),(152,NULL,NULL,0,NULL,NULL,'零件壁厚',NULL,NULL,80,'2016-08-30 04:38:28','2016-08-30 04:38:28',0),(153,NULL,NULL,0,NULL,NULL,'零件尺寸（长）',NULL,NULL,80,'2016-08-30 04:38:28','2016-08-30 04:38:28',0),(154,NULL,NULL,0,NULL,NULL,'零件尺寸（宽）',NULL,NULL,80,'2016-08-30 04:38:28','2016-08-30 04:38:28',0),(155,NULL,NULL,0,NULL,NULL,'零件尺寸（高）',NULL,NULL,80,'2016-08-30 04:38:28','2016-08-30 04:38:28',0),(156,0,NULL,NULL,NULL,NULL,'零件材质',NULL,NULL,80,'2016-08-30 04:38:28','2016-08-30 04:38:28',0),(157,NULL,'tie bar之上',NULL,NULL,NULL,'进气口位置',NULL,NULL,80,'2016-08-30 04:38:28','2016-08-30 04:38:28',0),(158,NULL,NULL,0,NULL,NULL,'进气口面积',NULL,NULL,80,'2016-08-30 04:38:28','2016-08-30 04:38:28',0),(159,0,NULL,NULL,NULL,NULL,'工艺',NULL,NULL,80,'2016-08-30 04:38:28','2016-08-30 04:38:28',0),(160,0,'防水零件:',NULL,NULL,NULL,'防水措施',NULL,NULL,80,'2016-08-30 04:38:28','2016-08-30 04:38:28',0),(161,0,'通过何种方式隔绝前舱热空气：',NULL,NULL,NULL,'thermal措施',NULL,NULL,80,'2016-08-30 04:38:28','2016-08-30 04:38:28',0),(162,NULL,'数量 3, 螺栓, 螺母, 支架',NULL,NULL,NULL,'谐振器安装点',NULL,NULL,80,'2016-08-30 04:38:28','2016-08-30 04:38:28',0),(163,NULL,'',0,NULL,NULL,'进气管周边零件间隙',NULL,NULL,80,'2016-08-30 04:38:28','2016-08-30 04:38:28',0),(164,NULL,NULL,0,NULL,NULL,'零件重量',NULL,NULL,81,'2016-08-30 04:38:28','2016-08-30 04:38:28',0),(165,NULL,NULL,0,NULL,NULL,'零件容积',NULL,NULL,81,'2016-08-30 04:38:28','2016-08-30 04:38:28',0),(166,NULL,NULL,0,NULL,NULL,'零件壁厚',NULL,NULL,81,'2016-08-30 04:38:28','2016-08-30 04:38:28',0),(167,0,NULL,NULL,NULL,NULL,'零件材质',NULL,NULL,81,'2016-08-30 04:38:28','2016-08-30 04:38:28',0),(168,0,NULL,NULL,NULL,NULL,'工艺',NULL,NULL,81,'2016-08-30 04:38:28','2016-08-30 04:38:28',0),(169,0,NULL,NULL,NULL,NULL,'落水孔',NULL,NULL,81,'2016-08-30 04:38:28','2016-08-30 04:38:28',0),(170,NULL,'数量 3, 螺栓, 螺母, 支架',NULL,NULL,NULL,'谐振器安装点',NULL,NULL,81,'2016-08-30 04:38:28','2016-08-30 04:38:28',0),(171,NULL,'',0,NULL,NULL,'谐振器周边零件间隙',NULL,NULL,81,'2016-08-30 04:38:28','2016-08-30 04:38:28',0),(172,0,NULL,NULL,NULL,NULL,'品牌',NULL,NULL,85,'2016-08-30 04:41:49','2016-08-30 04:41:49',0),(173,0,NULL,NULL,NULL,NULL,'车型',NULL,NULL,85,'2016-08-30 04:41:49','2016-08-30 04:41:49',0),(174,0,NULL,NULL,NULL,NULL,'配置型号（车型年）',NULL,NULL,85,'2016-08-30 04:41:49','2016-08-30 04:41:49',0),(175,NULL,NULL,100,NULL,NULL,'官方指导价',NULL,NULL,85,'2016-08-30 04:41:49','2016-08-30 04:41:49',0),(176,0,NULL,NULL,NULL,NULL,'车体形式',NULL,NULL,85,'2016-08-30 04:41:49','2016-08-30 04:41:49',0),(177,0,NULL,NULL,NULL,NULL,'车型级别',NULL,NULL,85,'2016-08-30 04:41:49','2016-08-30 04:41:49',0),(178,NULL,NULL,0,NULL,NULL,'发动机排量',NULL,NULL,85,'2016-08-30 04:41:49','2016-08-30 04:41:49',0),(179,0,NULL,NULL,NULL,NULL,'进气形式',NULL,NULL,85,'2016-08-30 04:41:49','2016-08-30 04:41:49',0),(180,0,NULL,NULL,NULL,NULL,'气缸排列形式',NULL,NULL,85,'2016-08-30 04:41:49','2016-08-30 04:41:49',0),(181,0,NULL,NULL,NULL,NULL,'气缸数',NULL,NULL,85,'2016-08-30 04:41:49','2016-08-30 04:41:49',0),(182,NULL,NULL,0,NULL,NULL,'最大马力（Ps）',NULL,NULL,85,'2016-08-30 04:41:49','2016-08-30 04:41:49',0),(183,NULL,NULL,0,NULL,NULL,'最大功率（KW）',NULL,NULL,85,'2016-08-30 04:41:49','2016-08-30 04:41:49',0),(184,NULL,NULL,0,NULL,NULL,'最大功率转速（rpm）',NULL,NULL,85,'2016-08-30 04:41:49','2016-08-30 04:41:49',0),(185,NULL,NULL,0,NULL,NULL,'最大扭矩（N.m）',NULL,NULL,85,'2016-08-30 04:41:49','2016-08-30 04:41:49',0),(186,NULL,NULL,0,NULL,NULL,'最大扭矩转速（rpm）',NULL,NULL,85,'2016-08-30 04:41:49','2016-08-30 04:41:49',0),(187,0,NULL,NULL,NULL,NULL,'拆解时间',NULL,NULL,85,'2016-08-30 04:41:49','2016-08-30 04:41:49',0),(188,0,NULL,NULL,NULL,NULL,'与SGM对标车型',NULL,NULL,85,'2016-08-30 04:41:49','2016-08-30 04:41:49',0),(189,NULL,'整车数模号',NULL,NULL,NULL,'整车数模号',NULL,NULL,85,'2016-08-30 04:41:49','2016-08-30 04:41:49',0),(190,NULL,'AHE28708',NULL,NULL,NULL,'进气系统数模号',NULL,NULL,85,'2016-08-30 04:41:49','2016-08-30 04:41:49',0),(191,NULL,'上海美嘉',NULL,NULL,NULL,'供应商',NULL,NULL,85,'2016-08-30 04:41:49','2016-08-30 04:41:49',0),(192,NULL,'位于tie bar 上方，较好的涉水性能',NULL,NULL,NULL,'设计亮点',NULL,NULL,85,'2016-08-30 04:41:49','2016-08-30 04:41:49',0),(193,NULL,NULL,0,NULL,NULL,'零件重量',NULL,NULL,86,'2016-08-30 04:41:49','2016-08-30 04:41:49',0),(194,NULL,NULL,0,NULL,NULL,'零件容积',NULL,NULL,86,'2016-08-30 04:41:49','2016-08-30 04:41:49',0),(195,NULL,NULL,0,NULL,NULL,'零件壁厚',NULL,NULL,86,'2016-08-30 04:41:49','2016-08-30 04:41:49',0),(196,NULL,NULL,0,NULL,NULL,'零件尺寸（长）',NULL,NULL,86,'2016-08-30 04:41:49','2016-08-30 04:41:49',0),(197,NULL,NULL,0,NULL,NULL,'零件尺寸（宽）',NULL,NULL,86,'2016-08-30 04:41:49','2016-08-30 04:41:49',0),(198,NULL,NULL,0,NULL,NULL,'零件尺寸（高）',NULL,NULL,86,'2016-08-30 04:41:49','2016-08-30 04:41:49',0),(199,0,NULL,NULL,NULL,NULL,'零件材质',NULL,NULL,86,'2016-08-30 04:41:49','2016-08-30 04:41:49',0),(200,NULL,'tie bar之上',NULL,NULL,NULL,'进气口位置',NULL,NULL,86,'2016-08-30 04:41:49','2016-08-30 04:41:49',0),(201,NULL,NULL,0,NULL,NULL,'进气口面积',NULL,NULL,86,'2016-08-30 04:41:49','2016-08-30 04:41:49',0),(202,0,NULL,NULL,NULL,NULL,'工艺',NULL,NULL,86,'2016-08-30 04:41:49','2016-08-30 04:41:49',0),(203,0,'防水零件:',NULL,NULL,NULL,'防水措施',NULL,NULL,86,'2016-08-30 04:41:49','2016-08-30 04:41:49',0),(204,0,'通过何种方式隔绝前舱热空气：',NULL,NULL,NULL,'thermal措施',NULL,NULL,86,'2016-08-30 04:41:49','2016-08-30 04:41:49',0),(205,NULL,'数量 3, 螺栓, 螺母, 支架',NULL,NULL,NULL,'谐振器安装点',NULL,NULL,86,'2016-08-30 04:41:49','2016-08-30 04:41:49',0),(206,NULL,'',0,NULL,NULL,'进气管周边零件间隙',NULL,NULL,86,'2016-08-30 04:41:49','2016-08-30 04:41:49',0),(207,NULL,NULL,0,NULL,NULL,'零件重量',NULL,NULL,87,'2016-08-30 04:41:49','2016-08-30 04:41:49',0),(208,NULL,NULL,0,NULL,NULL,'零件容积',NULL,NULL,87,'2016-08-30 04:41:49','2016-08-30 04:41:49',0),(209,NULL,NULL,0,NULL,NULL,'零件壁厚',NULL,NULL,87,'2016-08-30 04:41:49','2016-08-30 04:41:49',0),(210,0,NULL,NULL,NULL,NULL,'零件材质',NULL,NULL,87,'2016-08-30 04:41:49','2016-08-30 04:41:49',0),(211,0,NULL,NULL,NULL,NULL,'工艺',NULL,NULL,87,'2016-08-30 04:41:49','2016-08-30 04:41:49',0),(212,0,NULL,NULL,NULL,NULL,'落水孔',NULL,NULL,87,'2016-08-30 04:41:49','2016-08-30 04:41:49',0),(213,NULL,'数量 3, 螺栓, 螺母, 支架',NULL,NULL,NULL,'谐振器安装点',NULL,NULL,87,'2016-08-30 04:41:49','2016-08-30 04:41:49',0),(214,NULL,'',0,NULL,NULL,'谐振器周边零件间隙',NULL,NULL,87,'2016-08-30 04:41:49','2016-08-30 04:41:49',0),(215,NULL,NULL,0,NULL,NULL,'零件重量',NULL,NULL,88,'2016-08-30 04:41:49','2016-08-30 04:41:49',0),(216,NULL,NULL,0,NULL,NULL,'零件容积',NULL,NULL,88,'2016-08-30 04:41:49','2016-08-30 04:41:49',0),(217,NULL,NULL,0,NULL,NULL,'零件壁厚',NULL,NULL,88,'2016-08-30 04:41:49','2016-08-30 04:41:49',0),(218,0,NULL,NULL,NULL,NULL,'零件材质',NULL,NULL,88,'2016-08-30 04:41:49','2016-08-30 04:41:49',0),(219,0,NULL,NULL,NULL,NULL,'工艺',NULL,NULL,88,'2016-08-30 04:41:49','2016-08-30 04:41:49',0),(220,NULL,NULL,0,NULL,NULL,'零件尺寸（长）',NULL,NULL,88,'2016-08-30 04:41:49','2016-08-30 04:41:49',0),(221,NULL,NULL,0,NULL,NULL,'零件尺寸（宽）',NULL,NULL,88,'2016-08-30 04:41:49','2016-08-30 04:41:49',0),(222,NULL,NULL,0,NULL,NULL,'零件尺寸（高）',NULL,NULL,88,'2016-08-30 04:41:49','2016-08-30 04:41:49',0),(223,NULL,NULL,0,NULL,NULL,'滤芯',NULL,NULL,88,'2016-08-30 04:41:49','2016-08-30 04:41:49',0),(224,0,NULL,NULL,NULL,NULL,'落水孔',NULL,NULL,88,'2016-08-30 04:41:49','2016-08-30 04:41:49',0),(225,0,NULL,NULL,NULL,NULL,'高频谐振器',NULL,NULL,88,'2016-08-30 04:41:49','2016-08-30 04:41:49',0),(226,NULL,NULL,NULL,NULL,NULL,'传感器形式',NULL,NULL,88,'2016-08-30 04:41:49','2016-08-30 04:41:49',0),(227,NULL,'数量 3, 螺栓, 螺母, 支架',NULL,NULL,NULL,'空滤安装点',NULL,NULL,88,'2016-08-30 04:41:49','2016-08-30 04:41:49',0),(228,NULL,'',0,NULL,NULL,'空滤周边零件间隙',NULL,NULL,88,'2016-08-30 04:41:49','2016-08-30 04:41:49',0),(229,NULL,NULL,0,NULL,NULL,'零件重量',NULL,NULL,89,'2016-08-30 04:41:49','2016-08-30 04:41:49',0),(230,0,NULL,NULL,NULL,NULL,'零件材质',NULL,NULL,89,'2016-08-30 04:41:49','2016-08-30 04:41:49',0),(231,0,NULL,NULL,NULL,NULL,'工艺',NULL,NULL,89,'2016-08-30 04:41:49','2016-08-30 04:41:49',0),(232,NULL,NULL,0,NULL,NULL,'零件壁厚',NULL,NULL,89,'2016-08-30 04:41:49','2016-08-30 04:41:49',0),(233,NULL,NULL,0,NULL,NULL,'零件容积',NULL,NULL,89,'2016-08-30 04:41:49','2016-08-30 04:41:49',0),(234,NULL,NULL,0,NULL,NULL,'零件尺寸（长）',NULL,NULL,89,'2016-08-30 04:41:49','2016-08-30 04:41:49',0),(235,NULL,NULL,0,NULL,NULL,'零件尺寸（宽）',NULL,NULL,89,'2016-08-30 04:41:49','2016-08-30 04:41:49',0),(236,NULL,NULL,0,NULL,NULL,'零件尺寸（高）',NULL,NULL,89,'2016-08-30 04:41:49','2016-08-30 04:41:49',0),(237,0,NULL,NULL,NULL,NULL,'高频谐振器',NULL,NULL,89,'2016-08-30 04:41:49','2016-08-30 04:41:49',0),(238,NULL,NULL,0,NULL,NULL,'卡箍(数量)',NULL,NULL,89,'2016-08-30 04:41:49','2016-08-30 04:41:49',0),(239,NULL,NULL,0,NULL,NULL,'卡箍(宽度mm)',NULL,NULL,89,'2016-08-30 04:41:49','2016-08-30 04:41:49',0),(240,NULL,NULL,0,NULL,NULL,'卡箍(壁厚mm)',NULL,NULL,89,'2016-08-30 04:41:49','2016-08-30 04:41:49',0),(241,NULL,NULL,0,NULL,NULL,'出气管尺寸',NULL,NULL,89,'2016-08-30 04:41:49','2016-08-30 04:41:49',0),(242,NULL,NULL,0,NULL,NULL,'节气门尺寸',NULL,NULL,89,'2016-08-30 04:41:49','2016-08-30 04:41:49',0),(243,NULL,NULL,0,NULL,NULL,'PCV Box体积',NULL,NULL,89,'2016-08-30 04:41:49','2016-08-30 04:41:49',0),(244,NULL,NULL,0,NULL,NULL,'PCV与MAF之间距离',NULL,NULL,89,'2016-08-30 04:41:49','2016-08-30 04:41:49',0),(245,NULL,'',0,NULL,NULL,'出气管周边零件间隙',NULL,NULL,89,'2016-08-30 04:41:49','2016-08-30 04:41:49',0),(246,NULL,NULL,0,NULL,NULL,'压力降',NULL,NULL,90,'2016-08-30 04:41:49','2016-08-30 04:41:49',0),(247,NULL,NULL,0,NULL,NULL,'系统模态',NULL,NULL,90,'2016-08-30 04:41:49','2016-08-30 04:41:49',0),(248,NULL,'',NULL,NULL,NULL,'进气口噪音',NULL,NULL,90,'2016-08-30 04:41:49','2016-08-30 04:41:49',0),(249,NULL,'',NULL,NULL,NULL,'辐射噪音',NULL,NULL,90,'2016-08-30 04:41:49','2016-08-30 04:41:49',0),(250,NULL,NULL,0,NULL,NULL,'过滤效率',NULL,NULL,90,'2016-08-30 04:41:49','2016-08-30 04:41:49',0),(251,NULL,NULL,0,NULL,NULL,'容尘量',NULL,NULL,90,'2016-08-30 04:41:49','2016-08-30 04:41:49',0),(252,NULL,NULL,0,NULL,NULL,'滤芯泄漏量',NULL,NULL,90,'2016-08-30 04:41:49','2016-08-30 04:41:49',0),(253,NULL,'',NULL,NULL,NULL,'减震垫动刚度',NULL,NULL,90,'2016-08-30 04:41:49','2016-08-30 04:41:49',0),(254,NULL,'',NULL,NULL,NULL,'支点动刚度',NULL,NULL,90,'2016-08-30 04:41:49','2016-08-30 04:41:49',0),(255,NULL,NULL,0,NULL,NULL,'拉拔力',NULL,NULL,90,'2016-08-30 04:41:49','2016-08-30 04:41:49',0),(256,NULL,'',NULL,NULL,NULL,'传递损失',NULL,NULL,90,'2016-08-30 04:41:49','2016-08-30 04:41:49',0),(257,NULL,'',NULL,NULL,NULL,'插入损失',NULL,NULL,90,'2016-08-30 04:41:49','2016-08-30 04:41:49',0);
/*!40000 ALTER TABLE `property` ENABLE KEYS */;
UNLOCK TABLES;

--
-- Table structure for table `property_wrap`
--

DROP TABLE IF EXISTS `property_wrap`;
/*!40101 SET @saved_cs_client     = @@character_set_client */;
/*!40101 SET character_set_client = utf8 */;
CREATE TABLE `property_wrap` (
  `id` int(10) unsigned NOT NULL AUTO_INCREMENT,
  `label` varchar(200) DEFAULT NULL,
  `taskId` int(10) unsigned DEFAULT NULL,
  `create_time` timestamp NULL DEFAULT CURRENT_TIMESTAMP,
  `update_time` timestamp NULL DEFAULT CURRENT_TIMESTAMP ON UPDATE CURRENT_TIMESTAMP,
  `flag` tinyint(3) unsigned DEFAULT '0',
  PRIMARY KEY (`id`),
  UNIQUE KEY `id_UNIQUE` (`id`),
  KEY `task_property_wrap_idx` (`taskId`),
  CONSTRAINT `task_property_wrap` FOREIGN KEY (`taskId`) REFERENCES `task` (`id`) ON DELETE NO ACTION ON UPDATE NO ACTION
) ENGINE=InnoDB AUTO_INCREMENT=91 DEFAULT CHARSET=utf8;
/*!40101 SET character_set_client = @saved_cs_client */;

--
-- Dumping data for table `property_wrap`
--

LOCK TABLES `property_wrap` WRITE;
/*!40000 ALTER TABLE `property_wrap` DISABLE KEYS */;
INSERT INTO `property_wrap` VALUES (13,'整车级',61,'2016-08-30 03:41:51','2016-08-30 03:41:51',0),(14,'进气管',61,'2016-08-30 03:41:51','2016-08-30 03:41:51',0),(15,'谐振器',61,'2016-08-30 03:41:51','2016-08-30 03:41:51',0),(16,'空滤',61,'2016-08-30 03:41:51','2016-08-30 03:41:51',0),(17,'出气管',61,'2016-08-30 03:41:51','2016-08-30 03:41:51',0),(18,'性能',61,'2016-08-30 03:41:51','2016-08-30 03:41:51',0),(31,'整车级',64,'2016-08-30 04:02:00','2016-08-30 04:02:00',0),(32,'进气管',64,'2016-08-30 04:02:00','2016-08-30 04:02:00',0),(33,'谐振器',64,'2016-08-30 04:02:00','2016-08-30 04:02:00',0),(34,'空滤',64,'2016-08-30 04:02:00','2016-08-30 04:02:00',0),(35,'出气管',64,'2016-08-30 04:02:00','2016-08-30 04:02:00',0),(36,'性能',64,'2016-08-30 04:02:00','2016-08-30 04:02:00',0),(37,'整车级',65,'2016-08-30 04:30:46','2016-08-30 04:30:46',0),(38,'进气管',65,'2016-08-30 04:30:46','2016-08-30 04:30:46',0),(39,'谐振器',65,'2016-08-30 04:30:46','2016-08-30 04:30:46',0),(40,'空滤',65,'2016-08-30 04:30:46','2016-08-30 04:30:46',0),(41,'出气管',65,'2016-08-30 04:30:46','2016-08-30 04:30:46',0),(42,'性能',65,'2016-08-30 04:30:46','2016-08-30 04:30:46',0),(43,'整车级',66,'2016-08-30 04:32:04','2016-08-30 04:32:04',0),(44,'进气管',66,'2016-08-30 04:32:04','2016-08-30 04:32:04',0),(45,'谐振器',66,'2016-08-30 04:32:04','2016-08-30 04:32:04',0),(46,'空滤',66,'2016-08-30 04:32:04','2016-08-30 04:32:04',0),(47,'出气管',66,'2016-08-30 04:32:04','2016-08-30 04:32:04',0),(48,'性能',66,'2016-08-30 04:32:04','2016-08-30 04:32:04',0),(49,'整车级',67,'2016-08-30 04:33:04','2016-08-30 04:33:04',0),(50,'进气管',67,'2016-08-30 04:33:04','2016-08-30 04:33:04',0),(51,'谐振器',67,'2016-08-30 04:33:04','2016-08-30 04:33:04',0),(52,'空滤',67,'2016-08-30 04:33:04','2016-08-30 04:33:04',0),(53,'出气管',67,'2016-08-30 04:33:04','2016-08-30 04:33:04',0),(54,'性能',67,'2016-08-30 04:33:04','2016-08-30 04:33:04',0),(55,'整车级',68,'2016-08-30 04:34:15','2016-08-30 04:34:15',0),(56,'进气管',68,'2016-08-30 04:34:15','2016-08-30 04:34:15',0),(57,'谐振器',68,'2016-08-30 04:34:15','2016-08-30 04:34:15',0),(58,'空滤',68,'2016-08-30 04:34:15','2016-08-30 04:34:15',0),(59,'出气管',68,'2016-08-30 04:34:15','2016-08-30 04:34:15',0),(60,'性能',68,'2016-08-30 04:34:15','2016-08-30 04:34:15',0),(61,'整车级',69,'2016-08-30 04:35:29','2016-08-30 04:35:29',0),(62,'进气管',69,'2016-08-30 04:35:29','2016-08-30 04:35:29',0),(63,'谐振器',69,'2016-08-30 04:35:29','2016-08-30 04:35:29',0),(64,'空滤',69,'2016-08-30 04:35:29','2016-08-30 04:35:29',0),(65,'出气管',69,'2016-08-30 04:35:29','2016-08-30 04:35:29',0),(66,'性能',69,'2016-08-30 04:35:29','2016-08-30 04:35:29',0),(67,'整车级',70,'2016-08-30 04:36:03','2016-08-30 04:36:03',0),(68,'进气管',70,'2016-08-30 04:36:03','2016-08-30 04:36:03',0),(69,'谐振器',70,'2016-08-30 04:36:03','2016-08-30 04:36:03',0),(70,'空滤',70,'2016-08-30 04:36:03','2016-08-30 04:36:03',0),(71,'出气管',70,'2016-08-30 04:36:03','2016-08-30 04:36:03',0),(72,'性能',70,'2016-08-30 04:36:03','2016-08-30 04:36:03',0),(73,'整车级',71,'2016-08-30 04:36:57','2016-08-30 04:36:57',0),(74,'进气管',71,'2016-08-30 04:36:57','2016-08-30 04:36:57',0),(75,'谐振器',71,'2016-08-30 04:36:57','2016-08-30 04:36:57',0),(76,'空滤',71,'2016-08-30 04:36:57','2016-08-30 04:36:57',0),(77,'出气管',71,'2016-08-30 04:36:57','2016-08-30 04:36:57',0),(78,'性能',71,'2016-08-30 04:36:57','2016-08-30 04:36:57',0),(79,'整车级',72,'2016-08-30 04:38:25','2016-08-30 04:38:25',0),(80,'进气管',72,'2016-08-30 04:38:25','2016-08-30 04:38:25',0),(81,'谐振器',72,'2016-08-30 04:38:25','2016-08-30 04:38:25',0),(82,'空滤',72,'2016-08-30 04:38:25','2016-08-30 04:38:25',0),(83,'出气管',72,'2016-08-30 04:38:25','2016-08-30 04:38:25',0),(84,'性能',72,'2016-08-30 04:38:25','2016-08-30 04:38:25',0),(85,'整车级',73,'2016-08-30 04:41:47','2016-08-30 04:41:47',0),(86,'进气管',73,'2016-08-30 04:41:47','2016-08-30 04:41:47',0),(87,'谐振器',73,'2016-08-30 04:41:47','2016-08-30 04:41:47',0),(88,'空滤',73,'2016-08-30 04:41:47','2016-08-30 04:41:47',0),(89,'出气管',73,'2016-08-30 04:41:47','2016-08-30 04:41:47',0),(90,'性能',73,'2016-08-30 04:41:47','2016-08-30 04:41:47',0);
/*!40000 ALTER TABLE `property_wrap` ENABLE KEYS */;
UNLOCK TABLES;

--
-- Table structure for table `subtask`
--

DROP TABLE IF EXISTS `subtask`;
/*!40101 SET @saved_cs_client     = @@character_set_client */;
/*!40101 SET character_set_client = utf8 */;
CREATE TABLE `subtask` (
  `id` int(10) unsigned NOT NULL AUTO_INCREMENT,
  `label` varchar(45) DEFAULT NULL,
  `status` bit(1) DEFAULT b'0' COMMENT 'has finished or not.',
  `taskId` int(10) unsigned DEFAULT NULL,
  `create_time` timestamp NULL DEFAULT CURRENT_TIMESTAMP,
  `update_time` timestamp NULL DEFAULT CURRENT_TIMESTAMP ON UPDATE CURRENT_TIMESTAMP,
  `flag` tinyint(3) unsigned DEFAULT '0',
  PRIMARY KEY (`id`),
  UNIQUE KEY `id_UNIQUE` (`id`),
  KEY `task_subtask_idx` (`taskId`),
  CONSTRAINT `task_subtask` FOREIGN KEY (`taskId`) REFERENCES `task` (`id`) ON DELETE NO ACTION ON UPDATE NO ACTION
) ENGINE=InnoDB DEFAULT CHARSET=utf8;
/*!40101 SET character_set_client = @saved_cs_client */;

--
-- Dumping data for table `subtask`
--

LOCK TABLES `subtask` WRITE;
/*!40000 ALTER TABLE `subtask` DISABLE KEYS */;
/*!40000 ALTER TABLE `subtask` ENABLE KEYS */;
UNLOCK TABLES;

--
-- Table structure for table `tag`
--

DROP TABLE IF EXISTS `tag`;
/*!40101 SET @saved_cs_client     = @@character_set_client */;
/*!40101 SET character_set_client = utf8 */;
CREATE TABLE `tag` (
  `label` varchar(50) NOT NULL DEFAULT '""',
  `id` int(10) unsigned NOT NULL AUTO_INCREMENT,
  `time` timestamp NULL DEFAULT CURRENT_TIMESTAMP,
  `week` int(11) DEFAULT NULL,
  `projectId` int(10) unsigned DEFAULT NULL,
  `create_time` timestamp NULL DEFAULT CURRENT_TIMESTAMP,
  `update_time` timestamp NULL DEFAULT CURRENT_TIMESTAMP ON UPDATE CURRENT_TIMESTAMP,
  `flag` tinyint(3) unsigned DEFAULT '0',
  PRIMARY KEY (`id`),
  UNIQUE KEY `id_UNIQUE` (`id`),
  KEY `project_tag_idx` (`projectId`),
  CONSTRAINT `project_tag` FOREIGN KEY (`projectId`) REFERENCES `project` (`id`) ON DELETE NO ACTION ON UPDATE NO ACTION
) ENGINE=InnoDB AUTO_INCREMENT=98 DEFAULT CHARSET=utf8;
/*!40101 SET character_set_client = @saved_cs_client */;

--
-- Dumping data for table `tag`
--

LOCK TABLES `tag` WRITE;
/*!40000 ALTER TABLE `tag` DISABLE KEYS */;
INSERT INTO `tag` VALUES ('DSI',16,'2016-01-10 12:48:20',30,15,'2016-08-28 00:29:17','2016-08-28 00:29:17',0),('VPI',17,'2016-05-22 12:51:04',20,15,'2016-08-28 00:29:17','2016-08-28 00:29:17',0),('DSO',18,'2016-11-06 12:51:04',10,15,'2016-08-28 00:29:17','2016-08-28 00:29:17',0),('DSI',19,'2016-01-10 12:48:20',30,16,'2016-08-28 01:54:13','2016-08-28 01:54:13',0),('VPI',20,'2016-05-22 12:51:04',20,16,'2016-08-28 01:54:13','2016-08-28 01:54:13',0),('DSO',21,'2016-11-06 12:51:04',10,16,'2016-08-28 01:54:13','2016-08-28 01:54:13',0),('DSI',23,'2016-01-10 12:48:20',30,17,'2016-08-28 01:58:21','2016-08-28 01:58:21',0),('VPI',24,'2016-05-22 12:51:04',20,17,'2016-08-28 01:58:21','2016-08-28 01:58:21',0),('DSO',25,'2016-11-06 12:51:04',10,17,'2016-08-28 01:58:21','2016-08-28 01:58:21',0),('DSI',26,'2016-01-10 12:48:20',30,18,'2016-08-28 02:02:32','2016-08-28 02:02:32',0),('VPI',27,'2016-05-22 12:51:04',20,18,'2016-08-28 02:02:32','2016-08-28 02:02:32',0),('DSO',28,'2016-11-06 12:51:04',10,18,'2016-08-28 02:02:32','2016-08-28 02:02:32',0),('DSI',29,'2016-01-10 12:48:20',30,19,'2016-08-28 02:16:23','2016-08-28 02:16:23',0),('VPI',30,'2016-05-22 12:51:04',20,19,'2016-08-28 02:16:23','2016-08-28 02:16:23',0),('DSO',31,'2016-11-06 12:51:04',10,19,'2016-08-28 02:16:23','2016-08-28 02:16:23',0),('DSI',32,'2016-01-10 12:48:20',30,20,'2016-08-28 02:26:36','2016-08-28 02:26:36',0),('VPI',33,'2016-05-22 12:51:04',20,20,'2016-08-28 02:26:36','2016-08-28 02:26:36',0),('DSO',34,'2016-11-06 12:51:04',10,20,'2016-08-28 02:26:36','2016-08-28 02:26:36',0),('DSI',35,'2016-01-10 12:48:20',30,22,'2016-08-28 03:23:54','2016-08-28 03:23:54',0),('VPI',36,'2016-05-22 12:51:04',20,22,'2016-08-28 03:23:54','2016-08-28 03:23:54',0),('DSO',37,'2016-11-06 12:51:04',10,22,'2016-08-28 03:23:54','2016-08-28 03:23:54',0),('DSI',38,'2016-01-10 12:48:20',30,23,'2016-08-28 03:25:48','2016-08-28 03:25:48',0),('VPI',39,'2016-05-22 12:51:04',20,23,'2016-08-28 03:25:48','2016-08-28 03:25:48',0),('DSO',40,'2016-11-06 12:51:04',10,23,'2016-08-28 03:25:48','2016-08-28 03:25:48',0),('DSI',50,'2016-01-10 12:48:20',30,31,'2016-08-28 04:58:49','2016-08-28 04:58:49',0),('VPI',51,'2016-05-22 12:51:04',20,31,'2016-08-28 04:58:49','2016-08-28 04:58:49',0),('DSO',52,'2016-11-06 12:51:04',10,31,'2016-08-28 04:58:49','2016-08-28 04:58:49',0),('DSI',53,'2016-01-10 12:48:20',30,32,'2016-08-28 05:00:47','2016-08-28 05:00:47',0),('VPI',54,'2016-05-22 12:51:04',20,32,'2016-08-28 05:00:47','2016-08-28 05:00:47',0),('DSO',55,'2016-11-06 12:51:04',10,32,'2016-08-28 05:00:47','2016-08-28 05:00:47',0),('DSI',56,'2016-01-10 12:48:20',30,33,'2016-08-28 05:18:40','2016-08-28 05:18:40',0),('VPI',57,'2016-05-22 12:51:04',20,33,'2016-08-28 05:18:40','2016-08-28 05:18:40',0),('DSO',58,'2016-11-06 12:51:04',10,33,'2016-08-28 05:18:40','2016-08-28 05:18:40',0),('DSI',59,'2016-01-10 12:48:20',30,34,'2016-08-28 05:19:01','2016-08-28 05:19:01',0),('VPI',60,'2016-05-22 12:51:04',20,34,'2016-08-28 05:19:01','2016-08-28 05:19:01',0),('DSO',61,'2016-11-06 12:51:04',10,34,'2016-08-28 05:19:01','2016-08-28 05:19:01',0),('DSI',62,'2016-01-10 12:48:20',30,35,'2016-08-28 05:19:10','2016-08-28 05:19:10',0),('VPI',63,'2016-05-22 12:51:04',20,35,'2016-08-28 05:19:10','2016-08-28 05:19:10',0),('DSO',64,'2016-11-06 12:51:04',10,35,'2016-08-28 05:19:10','2016-08-28 05:19:10',0),('DSI',65,'2016-01-10 12:48:20',30,36,'2016-08-28 05:19:33','2016-08-28 05:19:33',0),('VPI',66,'2016-05-22 12:51:04',20,36,'2016-08-28 05:19:33','2016-08-28 05:19:33',0),('DSO',67,'2016-11-06 12:51:04',10,36,'2016-08-28 05:19:33','2016-08-28 05:19:33',0),('DSI',68,'2016-01-10 12:48:20',30,37,'2016-08-28 12:51:46','2016-08-28 12:51:46',0),('VPI',69,'2016-05-22 12:51:04',20,37,'2016-08-28 12:51:46','2016-08-28 12:51:46',0),('DSO',70,'2016-11-06 12:51:04',10,37,'2016-08-28 12:51:46','2016-08-28 12:51:46',0),('DSI',71,'2016-01-10 12:48:20',30,38,'2016-08-28 14:56:11','2016-08-28 14:56:11',0),('VPI',72,'2016-05-22 12:51:04',20,38,'2016-08-28 14:56:11','2016-08-28 14:56:11',0),('DSO',73,'2016-11-06 12:51:04',10,38,'2016-08-28 14:56:11','2016-08-28 14:56:11',0),('DSI',77,'2016-01-10 12:48:20',30,41,'2016-08-28 15:04:06','2016-08-28 15:04:06',0),('VPI',78,'2016-05-22 12:51:04',20,41,'2016-08-28 15:04:06','2016-08-28 15:04:06',0),('DSO',79,'2016-11-06 12:51:04',10,41,'2016-08-28 15:04:06','2016-08-28 15:04:06',0),('DSI',80,'2016-01-10 12:48:20',30,42,'2016-08-28 23:24:39','2016-08-28 23:24:39',0),('VPI',81,'2016-05-22 12:51:04',20,42,'2016-08-28 23:24:39','2016-08-28 23:24:39',0),('DSO',82,'2016-11-06 12:51:04',10,42,'2016-08-28 23:24:39','2016-08-28 23:24:39',0),('DSI',83,'2016-01-10 12:48:20',30,43,'2016-08-29 00:09:30','2016-08-29 00:09:30',0),('VPI',84,'2016-05-22 12:51:04',20,43,'2016-08-29 00:09:30','2016-08-29 00:09:30',0),('DSO',85,'2016-11-06 12:51:04',10,43,'2016-08-29 00:09:30','2016-08-29 00:09:30',0),('DSI',92,'2016-01-10 12:48:20',30,46,'2016-08-29 00:15:05','2016-08-29 00:15:05',0),('VPI',93,'2016-05-22 12:51:04',20,46,'2016-08-29 00:15:05','2016-08-29 00:15:05',0),('DSO',94,'2016-11-06 12:51:04',10,46,'2016-08-29 00:15:05','2016-08-29 00:15:05',0),('DSI',95,'2016-01-10 12:48:20',30,47,'2016-08-29 01:57:28','2016-08-29 01:57:28',0),('VPI',96,'2016-05-22 12:51:04',20,47,'2016-08-29 01:57:28','2016-08-29 01:57:28',0),('DSO',97,'2016-11-06 12:51:04',10,47,'2016-08-29 01:57:28','2016-08-29 01:57:28',0);
/*!40000 ALTER TABLE `tag` ENABLE KEYS */;
UNLOCK TABLES;

--
-- Table structure for table `task`
--

DROP TABLE IF EXISTS `task`;
/*!40101 SET @saved_cs_client     = @@character_set_client */;
/*!40101 SET character_set_client = utf8 */;
CREATE TABLE `task` (
  `id` int(10) unsigned NOT NULL AUTO_INCREMENT,
  `label` varchar(100) DEFAULT NULL,
  `start_time` timestamp NULL DEFAULT CURRENT_TIMESTAMP,
  `end_time` timestamp NULL DEFAULT CURRENT_TIMESTAMP,
  `desc` varchar(500) DEFAULT NULL,
  `priority` tinyint(1) DEFAULT NULL,
  `exp` varchar(500) DEFAULT NULL,
  `start_week` int(11) DEFAULT NULL,
  `end_week` int(11) DEFAULT NULL,
  `template_type` tinyint(4) DEFAULT NULL,
  `projectId` int(10) unsigned DEFAULT NULL,
  `create_time` timestamp NULL DEFAULT CURRENT_TIMESTAMP,
  `update_time` timestamp NULL DEFAULT CURRENT_TIMESTAMP ON UPDATE CURRENT_TIMESTAMP,
  `flag` tinyint(3) unsigned DEFAULT '0',
  PRIMARY KEY (`id`),
  UNIQUE KEY `id_UNIQUE` (`id`),
  KEY `projectId_idx` (`projectId`),
  CONSTRAINT `project_task` FOREIGN KEY (`projectId`) REFERENCES `project` (`id`) ON DELETE NO ACTION ON UPDATE NO ACTION
) ENGINE=InnoDB AUTO_INCREMENT=74 DEFAULT CHARSET=utf8;
/*!40101 SET character_set_client = @saved_cs_client */;

--
-- Dumping data for table `task`
--

LOCK TABLES `task` WRITE;
/*!40000 ALTER TABLE `task` DISABLE KEYS */;
INSERT INTO `task` VALUES (4,NULL,NULL,NULL,'',0,'',0,0,1,23,'2016-08-28 04:56:23','2016-08-28 11:58:28',0),(5,'E1',NULL,NULL,'',0,'',0,0,1,23,'2016-08-28 04:56:23','2016-08-28 04:56:23',0),(6,'E3',NULL,NULL,'',0,'',0,0,1,23,'2016-08-28 04:56:23','2016-08-28 04:56:23',0),(7,'E2','2016-06-20 02:00:00',NULL,'',0,'',0,0,1,23,'2016-08-28 04:56:58','2016-08-28 04:56:58',0),(8,'E1','2016-06-20 02:00:00',NULL,'',0,'',0,0,1,23,'2016-08-28 04:56:58','2016-08-28 04:56:58',0),(9,'E3','2016-06-20 04:00:00',NULL,'',0,'',0,0,1,23,'2016-08-28 04:56:58','2016-08-28 04:56:58',0),(10,'E2','2016-06-20 02:00:00','2016-06-22 03:00:00','',0,'',0,0,1,31,'2016-08-28 04:58:49','2016-08-28 04:58:49',0),(11,'E1','2016-06-20 02:00:00','2016-06-21 03:00:00','',0,'',0,0,1,31,'2016-08-28 04:58:49','2016-08-28 04:58:49',0),(12,'E3','2016-06-20 04:00:00','2016-06-23 05:00:00','',0,'',0,0,1,31,'2016-08-28 04:58:49','2016-08-28 04:58:49',0),(13,'E2','2016-06-20 02:00:00','2016-06-22 03:00:00','',0,'',0,0,1,32,'2016-08-28 05:00:47','2016-08-28 05:00:47',0),(14,'E1','2016-06-20 02:00:00','2016-06-21 03:00:00','',0,'',0,0,1,32,'2016-08-28 05:00:47','2016-08-28 05:00:47',0),(15,'E3','2016-06-20 04:00:00','2016-06-23 05:00:00','',0,'',0,0,1,32,'2016-08-28 05:00:47','2016-08-28 05:00:47',0),(16,'E2','2016-06-20 02:00:00','2016-06-22 03:00:00','',0,'',0,0,1,33,'2016-08-28 05:18:40','2016-08-28 05:18:40',0),(17,'E1','2016-06-20 02:00:00','2016-06-21 03:00:00','',0,'',0,0,1,33,'2016-08-28 05:18:40','2016-08-28 05:18:40',0),(18,'E3','2016-06-20 04:00:00','2016-06-23 05:00:00','',0,'',0,0,1,33,'2016-08-28 05:18:40','2016-08-28 05:18:40',0),(19,'E2','2016-06-20 02:00:00','2016-06-22 03:00:00','',0,'',0,0,1,34,'2016-08-28 05:19:01','2016-08-28 05:19:01',0),(20,'E1','2016-06-20 02:00:00','2016-06-21 03:00:00','',0,'',0,0,1,34,'2016-08-28 05:19:01','2016-08-28 05:19:01',0),(21,'E3','2016-06-20 04:00:00','2016-06-23 05:00:00','',0,'',0,0,1,34,'2016-08-28 05:19:01','2016-08-28 05:19:01',0),(22,'E2','2016-06-20 02:00:00','2016-06-22 03:00:00','',0,'',0,0,1,35,'2016-08-28 05:19:10','2016-08-28 05:19:10',0),(23,'E1','2016-06-20 02:00:00','2016-06-21 03:00:00','',0,'',0,0,1,35,'2016-08-28 05:19:10','2016-08-28 05:19:10',0),(24,'E3','2016-06-20 04:00:00','2016-06-23 05:00:00','',0,'',0,0,1,35,'2016-08-28 05:19:10','2016-08-28 05:19:10',0),(25,'E2','2016-06-20 02:00:00','2016-06-22 03:00:00','',0,'',0,0,1,36,'2016-08-28 05:19:33','2016-08-28 05:19:33',0),(26,'E1','2016-06-20 02:00:00','2016-06-21 03:00:00','',0,'',0,0,1,36,'2016-08-28 05:19:33','2016-08-28 05:19:33',0),(27,'E3','2016-06-20 04:00:00','2016-06-23 05:00:00','',0,'',0,0,1,36,'2016-08-28 05:19:33','2016-08-28 05:19:33',0),(28,'E2','2016-06-20 02:00:00','2016-06-22 03:00:00','',0,'',0,0,1,37,'2016-08-28 12:51:46','2016-08-28 12:51:46',0),(29,'E1','2016-06-20 02:00:00','2016-06-21 03:00:00','',0,'',0,0,1,37,'2016-08-28 12:51:46','2016-08-28 12:51:46',0),(30,'E3','2016-06-20 04:00:00','2016-06-23 05:00:00','',0,'',0,0,1,37,'2016-08-28 12:51:46','2016-08-28 12:51:46',0),(31,'E2','2016-06-20 02:00:00','2016-06-22 03:00:00','',0,'',0,0,1,38,'2016-08-28 14:56:11','2016-08-28 14:56:11',0),(32,'E1','2016-06-20 02:00:00','2016-06-21 03:00:00','',0,'',0,0,1,38,'2016-08-28 14:56:11','2016-08-28 14:56:11',0),(33,'E3','2016-06-20 04:00:00','2016-06-23 05:00:00','',0,'',0,0,1,38,'2016-08-28 14:56:11','2016-08-28 14:56:11',0),(37,'E2','2016-06-20 02:00:00','2016-06-22 03:00:00','',0,'',0,0,1,41,'2016-08-28 15:04:06','2016-08-28 15:04:06',0),(38,'E1','2016-06-20 02:00:00','2016-06-21 03:00:00','',0,'',0,0,1,41,'2016-08-28 15:04:06','2016-08-28 15:04:06',0),(39,'E3','2016-06-20 04:00:00','2016-06-23 05:00:00','',0,'',0,0,1,41,'2016-08-28 15:04:06','2016-08-28 15:04:06',0),(40,'E2','2016-06-20 02:00:00','2016-06-22 03:00:00','',0,'',0,0,1,42,'2016-08-28 23:24:39','2016-08-28 23:24:39',0),(41,'E1','2016-06-20 02:00:00','2016-06-21 03:00:00','',0,'',0,0,1,42,'2016-08-28 23:24:39','2016-08-28 23:24:39',0),(42,'E3','2016-06-20 04:00:00','2016-06-23 05:00:00','',0,'',0,0,1,42,'2016-08-28 23:24:39','2016-08-28 23:24:39',0),(43,'E2','2016-06-20 02:00:00','2016-06-22 03:00:00','',0,'',0,0,1,43,'2016-08-29 00:09:30','2016-08-29 00:09:30',0),(44,'E1','2016-06-20 02:00:00','2016-06-21 03:00:00','',0,'',0,0,1,43,'2016-08-29 00:09:30','2016-08-29 00:09:30',0),(45,'E3','2016-06-20 04:00:00','2016-06-23 05:00:00','',0,'',0,0,1,43,'2016-08-29 00:09:30','2016-08-29 00:09:30',0),(52,'E2','2016-06-20 02:00:00','2016-06-22 03:00:00','',0,'',0,0,1,46,'2016-08-29 00:15:05','2016-08-29 00:15:05',0),(53,'E1','2016-06-20 02:00:00','2016-06-21 03:00:00','',0,'',0,0,1,46,'2016-08-29 00:15:05','2016-08-29 00:15:05',0),(54,'E3','2016-06-20 04:00:00','2016-06-23 05:00:00','',0,'',0,0,1,46,'2016-08-29 00:15:05','2016-08-29 00:15:05',0),(55,'E2','2016-06-20 02:00:00','2016-06-22 03:00:00','',0,'',0,0,1,47,'2016-08-29 01:57:28','2016-08-29 01:57:28',0),(56,'E1','2016-06-20 02:00:00','2016-06-21 03:00:00','',0,'',0,0,1,47,'2016-08-29 01:57:28','2016-08-29 01:57:28',0),(57,'E3','2016-06-20 04:00:00','2016-06-23 05:00:00','',0,'',0,0,1,47,'2016-08-29 01:57:28','2016-08-29 01:57:28',0),(61,'竞争车型',NULL,NULL,'',0,'',0,0,7,47,'2016-08-30 03:41:32','2016-08-30 03:41:32',0),(64,'竞争车型',NULL,NULL,'',0,'',0,0,7,47,'2016-08-30 04:02:00','2016-08-30 04:02:00',0),(65,'竞争车型',NULL,NULL,'',0,'',0,0,7,47,'2016-08-30 04:30:46','2016-08-30 04:30:46',0),(66,'竞争车型',NULL,NULL,'',0,'',0,0,7,47,'2016-08-30 04:32:04','2016-08-30 04:32:04',0),(67,'竞争车型',NULL,NULL,'',0,'',0,0,7,47,'2016-08-30 04:33:04','2016-08-30 04:33:04',0),(68,'竞争车型',NULL,NULL,'',0,'',0,0,7,47,'2016-08-30 04:34:15','2016-08-30 04:34:15',0),(69,'竞争车型',NULL,NULL,'',0,'',0,0,7,47,'2016-08-30 04:35:29','2016-08-30 04:35:29',0),(70,'竞争车型',NULL,NULL,'',0,'',0,0,7,47,'2016-08-30 04:36:03','2016-08-30 04:36:03',0),(71,'竞争车型',NULL,NULL,'',0,'',0,0,7,47,'2016-08-30 04:36:57','2016-08-30 04:36:57',0),(72,'竞争车型',NULL,NULL,'',0,'',0,0,7,47,'2016-08-30 04:38:25','2016-08-30 04:38:25',0),(73,'竞争车型',NULL,NULL,'',0,'',0,0,7,47,'2016-08-30 04:41:47','2016-08-30 04:41:47',0);
/*!40000 ALTER TABLE `task` ENABLE KEYS */;
UNLOCK TABLES;

--
-- Table structure for table `user`
--

DROP TABLE IF EXISTS `user`;
/*!40101 SET @saved_cs_client     = @@character_set_client */;
/*!40101 SET character_set_client = utf8 */;
CREATE TABLE `user` (
  `id` int(11) NOT NULL AUTO_INCREMENT,
  `name` varchar(100) DEFAULT NULL,
  `password` varchar(100) DEFAULT NULL,
  `email` varchar(300) NOT NULL,
  `create_time` timestamp NULL DEFAULT CURRENT_TIMESTAMP,
  `update_time` timestamp NULL DEFAULT CURRENT_TIMESTAMP ON UPDATE CURRENT_TIMESTAMP,
  `flag` tinyint(3) unsigned DEFAULT '0',
  PRIMARY KEY (`id`),
  UNIQUE KEY `id_UNIQUE` (`id`),
  UNIQUE KEY `email_UNIQUE` (`email`),
  UNIQUE KEY `name_UNIQUE` (`name`)
) ENGINE=InnoDB AUTO_INCREMENT=113 DEFAULT CHARSET=utf8;
/*!40101 SET character_set_client = @saved_cs_client */;

--
-- Dumping data for table `user`
--

LOCK TABLES `user` WRITE;
/*!40000 ALTER TABLE `user` DISABLE KEYS */;
INSERT INTO `user` VALUES (2,'a','a','a@a.com',NULL,'2016-08-29 01:08:43',0),(3,'b','b','b@b.com',NULL,'2016-08-29 01:08:43',0),(4,'c','c','c@c.com',NULL,'2016-08-29 01:08:43',0),(16,'d','d','d@d.com',NULL,'2016-08-29 01:08:43',0),(18,'e','e','e@e.com',NULL,'2016-08-29 01:08:43',0),(21,'f','f','f@f.com',NULL,'2016-08-29 01:08:43',0),(23,'g','g','g@g.com',NULL,'2016-08-29 01:08:43',0),(24,'h','h','h@h.com',NULL,'2016-08-29 01:08:43',0),(25,'i','i','i@i.com',NULL,'2016-08-29 01:08:43',0),(29,'j','j','j@j.com',NULL,'2016-08-29 01:08:43',0),(34,'k','k','k@k.com',NULL,'2016-08-29 01:08:43',0),(35,'l','l','l@l.com',NULL,'2016-08-29 01:08:43',0),(36,'m','m','m@m.com',NULL,'2016-08-29 01:08:43',0),(37,'n','n','n@n.com',NULL,'2016-08-29 01:08:43',0),(38,'o','o','o@o.com',NULL,'2016-08-29 01:08:43',0),(39,'p','p','p@p.com',NULL,'2016-08-29 01:08:43',0),(40,'q','q','q@q.com',NULL,'2016-08-29 01:08:43',0),(41,'r','r','r@r.com',NULL,'2016-08-29 01:08:43',0),(42,'s','s','s@s.com',NULL,'2016-08-29 01:08:43',0),(46,'t','t','t@t.com',NULL,'2016-08-29 01:08:43',0),(47,'u','u','u@u.com',NULL,'2016-08-29 01:08:43',0),(49,'v','v','v@v.com',NULL,'2016-08-29 01:08:43',0),(70,'w','w','w@w.com',NULL,'2016-08-29 01:08:43',0),(71,'x','x','x@x.com',NULL,'2016-08-29 01:08:43',0),(72,'y','y','y@y.com',NULL,'2016-08-29 01:08:43',0),(73,'z','z','z@z.com',NULL,'2016-08-29 01:08:43',0),(75,'aa','aa','aa@aa.com',NULL,'2016-08-29 01:08:43',0),(78,'bb','bb','bb@bb.com',NULL,'2016-08-29 01:08:43',0),(81,'cc','cc','cc@cc.com',NULL,'2016-08-29 01:08:43',0),(83,'dd','dd','dd@dd.com',NULL,'2016-08-29 01:08:43',0),(88,'ee','ee','ee@ee.com',NULL,'2016-08-29 01:08:43',0),(98,'ff','ff','ff@ff.com',NULL,'2016-08-29 01:08:43',0),(100,'gg','gg','gg@gg.com',NULL,'2016-08-29 01:08:43',0),(101,'hh','hh','hh@hh.com',NULL,'2016-08-29 01:08:43',0),(105,'ii','ii','ii@ii.com',NULL,'2016-08-29 01:08:43',0),(108,'jj','jj','jj@jj.com',NULL,'2016-08-29 01:08:43',0),(109,'kk','kk','kk@kk.com',NULL,'2016-08-29 01:08:43',0),(110,'pai','pai','pai@patac.com',NULL,'2016-08-29 01:08:43',0),(112,'frida','frida','frida@frida.com',NULL,'2016-08-29 01:08:43',0);
/*!40000 ALTER TABLE `user` ENABLE KEYS */;
UNLOCK TABLES;
/*!40103 SET TIME_ZONE=@OLD_TIME_ZONE */;

/*!40101 SET SQL_MODE=@OLD_SQL_MODE */;
/*!40014 SET FOREIGN_KEY_CHECKS=@OLD_FOREIGN_KEY_CHECKS */;
/*!40014 SET UNIQUE_CHECKS=@OLD_UNIQUE_CHECKS */;
/*!40101 SET CHARACTER_SET_CLIENT=@OLD_CHARACTER_SET_CLIENT */;
/*!40101 SET CHARACTER_SET_RESULTS=@OLD_CHARACTER_SET_RESULTS */;
/*!40101 SET COLLATION_CONNECTION=@OLD_COLLATION_CONNECTION */;
/*!40111 SET SQL_NOTES=@OLD_SQL_NOTES */;

-- Dump completed on 2016-08-30 14:19:45
