-- MySQL dump 10.13  Distrib 5.7.12, for osx10.11 (x86_64)
--
-- Host: localhost    Database: dreassistor
-- ------------------------------------------------------
-- Server version	5.7.12

/*!40101 SET @OLD_CHARACTER_SET_CLIENT=@@CHARACTER_SET_CLIENT */;
/*!40101 SET @OLD_CHARACTER_SET_RESULTS=@@CHARACTER_SET_RESULTS */;
/*!40101 SET @OLD_COLLATION_CONNECTION=@@COLLATION_CONNECTION */;
/*!40101 SET NAMES utf8 */;
/*!40103 SET @OLD_TIME_ZONE=@@TIME_ZONE */;
/*!40103 SET TIME_ZONE='+00:00' */;
/*!40014 SET @OLD_UNIQUE_CHECKS=@@UNIQUE_CHECKS, UNIQUE_CHECKS=0 */;
/*!40014 SET @OLD_FOREIGN_KEY_CHECKS=@@FOREIGN_KEY_CHECKS, FOREIGN_KEY_CHECKS=0 */;
/*!40101 SET @OLD_SQL_MODE=@@SQL_MODE, SQL_MODE='NO_AUTO_VALUE_ON_ZERO' */;
/*!40111 SET @OLD_SQL_NOTES=@@SQL_NOTES, SQL_NOTES=0 */;

--
-- Current Database: `dreassistor`
--

CREATE DATABASE /*!32312 IF NOT EXISTS*/ `dreassistor` /*!40100 DEFAULT CHARACTER SET latin1 */;

USE `dreassistor`;

--
-- Table structure for table `attachment`
--

DROP TABLE IF EXISTS `attachment`;
/*!40101 SET @saved_cs_client     = @@character_set_client */;
/*!40101 SET character_set_client = utf8 */;
CREATE TABLE `attachment` (
  `id` int(10) unsigned NOT NULL AUTO_INCREMENT,
  `label` varchar(45) DEFAULT NULL,
  `url` varchar(500) DEFAULT NULL,
  `task_id` int(10) unsigned DEFAULT NULL,
  `property_id` int(10) unsigned DEFAULT NULL,
  `create_time` timestamp NULL DEFAULT CURRENT_TIMESTAMP,
  `update_time` timestamp NULL DEFAULT CURRENT_TIMESTAMP ON UPDATE CURRENT_TIMESTAMP,
  `flag` tinyint(3) unsigned DEFAULT '0',
  PRIMARY KEY (`id`),
  UNIQUE KEY `id_UNIQUE` (`id`),
  KEY `task_attachment_idx` (`task_id`),
  KEY `property_attachment_idx` (`property_id`),
  CONSTRAINT `property_attachment` FOREIGN KEY (`property_id`) REFERENCES `property` (`id`) ON DELETE NO ACTION ON UPDATE NO ACTION,
  CONSTRAINT `task_attachment` FOREIGN KEY (`task_id`) REFERENCES `task` (`id`) ON DELETE NO ACTION ON UPDATE NO ACTION
) ENGINE=InnoDB AUTO_INCREMENT=4 DEFAULT CHARSET=utf8;
/*!40101 SET character_set_client = @saved_cs_client */;

--
-- Dumping data for table `attachment`
--

LOCK TABLES `attachment` WRITE;
/*!40000 ALTER TABLE `attachment` DISABLE KEYS */;
/*!40000 ALTER TABLE `attachment` ENABLE KEYS */;
UNLOCK TABLES;

--
-- Table structure for table `curve`
--

DROP TABLE IF EXISTS `curve`;
/*!40101 SET @saved_cs_client     = @@character_set_client */;
/*!40101 SET character_set_client = utf8 */;
CREATE TABLE `curve` (
  `id` int(10) unsigned NOT NULL AUTO_INCREMENT,
  `caption` varchar(100) DEFAULT NULL,
  `data` json DEFAULT NULL,
  `series` json DEFAULT NULL,
  `property_id` int(10) unsigned NOT NULL,
  `create_time` timestamp NULL DEFAULT CURRENT_TIMESTAMP,
  `update_time` timestamp NULL DEFAULT CURRENT_TIMESTAMP ON UPDATE CURRENT_TIMESTAMP,
  `flag` tinyint(3) unsigned DEFAULT '0',
  PRIMARY KEY (`id`),
  UNIQUE KEY `id_UNIQUE` (`id`),
  KEY `property_curve_idx` (`property_id`),
  CONSTRAINT `property_curve` FOREIGN KEY (`property_id`) REFERENCES `property` (`id`) ON DELETE NO ACTION ON UPDATE NO ACTION
) ENGINE=InnoDB DEFAULT CHARSET=utf8;
/*!40101 SET character_set_client = @saved_cs_client */;

--
-- Dumping data for table `curve`
--

LOCK TABLES `curve` WRITE;
/*!40000 ALTER TABLE `curve` DISABLE KEYS */;
/*!40000 ALTER TABLE `curve` ENABLE KEYS */;
UNLOCK TABLES;

--
-- Table structure for table `engine`
--

DROP TABLE IF EXISTS `engine`;
/*!40101 SET @saved_cs_client     = @@character_set_client */;
/*!40101 SET character_set_client = utf8 */;
CREATE TABLE `engine` (
  `id` int(10) unsigned NOT NULL AUTO_INCREMENT,
  `project_id` int(10) unsigned DEFAULT NULL,
  `create_time` timestamp NULL DEFAULT CURRENT_TIMESTAMP,
  `update_time` timestamp NULL DEFAULT CURRENT_TIMESTAMP ON UPDATE CURRENT_TIMESTAMP,
  `flag` tinyint(3) unsigned DEFAULT '0',
  PRIMARY KEY (`id`),
  UNIQUE KEY `id_UNIQUE` (`id`),
  KEY `project_engine_idx` (`project_id`),
  CONSTRAINT `project_engine` FOREIGN KEY (`project_id`) REFERENCES `project` (`id`) ON DELETE NO ACTION ON UPDATE NO ACTION
) ENGINE=InnoDB AUTO_INCREMENT=63 DEFAULT CHARSET=utf8;
/*!40101 SET character_set_client = @saved_cs_client */;

--
-- Dumping data for table `engine`
--

LOCK TABLES `engine` WRITE;
/*!40000 ALTER TABLE `engine` DISABLE KEYS */;
INSERT INTO `engine` VALUES (31,64,'2016-08-31 11:21:07','2016-08-31 11:21:07',0),(32,65,'2016-08-31 11:23:55','2016-08-31 11:23:55',0),(33,66,'2016-08-31 15:24:22','2016-08-31 15:24:22',0),(34,67,'2016-08-31 21:15:11','2016-08-31 21:15:11',0),(35,68,'2016-08-31 21:36:07','2016-08-31 21:36:07',0),(36,69,'2016-08-31 21:46:01','2016-08-31 21:46:01',0),(37,69,'2016-08-31 21:46:01','2016-08-31 21:46:01',0),(38,70,'2016-08-31 21:46:37','2016-08-31 21:46:37',0),(39,70,'2016-08-31 21:46:37','2016-08-31 21:46:37',0),(40,71,'2016-08-31 21:50:18','2016-08-31 21:50:18',0),(41,72,'2016-08-31 21:52:10','2016-08-31 21:52:10',0),(42,72,'2016-08-31 21:52:10','2016-08-31 21:52:10',0),(43,73,'2016-08-31 21:56:51','2016-08-31 21:56:51',0),(44,73,'2016-08-31 21:56:51','2016-08-31 21:56:51',0),(45,74,'2016-08-31 22:04:11','2016-08-31 22:04:11',0),(46,75,'2016-08-31 23:56:54','2016-08-31 23:56:54',0),(47,75,'2016-08-31 23:56:54','2016-08-31 23:56:54',0),(48,75,'2016-08-31 23:56:54','2016-08-31 23:56:54',0),(49,75,'2016-08-31 23:56:54','2016-08-31 23:56:54',0),(50,76,'2016-08-31 23:58:51','2016-08-31 23:58:51',0),(51,77,'2016-09-01 00:00:41','2016-09-01 00:00:41',0),(52,78,'2016-09-01 00:01:50','2016-09-01 00:01:50',0),(53,79,'2016-09-01 00:01:57','2016-09-01 00:01:57',0),(60,86,'2016-09-01 02:08:32','2016-09-01 02:08:32',0),(61,87,'2016-09-01 02:08:39','2016-09-01 02:08:39',0),(62,88,'2016-09-03 00:43:44','2016-09-03 00:43:44',0);
/*!40000 ALTER TABLE `engine` ENABLE KEYS */;
UNLOCK TABLES;

--
-- Table structure for table `image`
--

DROP TABLE IF EXISTS `image`;
/*!40101 SET @saved_cs_client     = @@character_set_client */;
/*!40101 SET character_set_client = utf8 */;
CREATE TABLE `image` (
  `id` int(10) unsigned NOT NULL AUTO_INCREMENT,
  `label` varchar(45) DEFAULT NULL,
  `url` varchar(500) DEFAULT NULL,
  `property_id` int(10) unsigned DEFAULT NULL,
  `create_time` timestamp NULL DEFAULT CURRENT_TIMESTAMP,
  `update_time` timestamp NULL DEFAULT CURRENT_TIMESTAMP ON UPDATE CURRENT_TIMESTAMP,
  `flag` tinyint(3) unsigned DEFAULT '0',
  PRIMARY KEY (`id`),
  UNIQUE KEY `id_UNIQUE` (`id`),
  KEY `property_image_idx` (`property_id`),
  CONSTRAINT `property_image` FOREIGN KEY (`property_id`) REFERENCES `property` (`id`) ON DELETE NO ACTION ON UPDATE NO ACTION
) ENGINE=InnoDB DEFAULT CHARSET=utf8;
/*!40101 SET character_set_client = @saved_cs_client */;

--
-- Dumping data for table `image`
--

LOCK TABLES `image` WRITE;
/*!40000 ALTER TABLE `image` DISABLE KEYS */;
/*!40000 ALTER TABLE `image` ENABLE KEYS */;
UNLOCK TABLES;

--
-- Table structure for table `project`
--

DROP TABLE IF EXISTS `project`;
/*!40101 SET @saved_cs_client     = @@character_set_client */;
/*!40101 SET character_set_client = utf8 */;
CREATE TABLE `project` (
  `id` int(10) unsigned NOT NULL AUTO_INCREMENT,
  `creator_id` int(10) NOT NULL COMMENT 'foreign key with user table;',
  `create_time` timestamp NULL DEFAULT CURRENT_TIMESTAMP,
  `update_time` timestamp NULL DEFAULT CURRENT_TIMESTAMP ON UPDATE CURRENT_TIMESTAMP,
  `flag` tinyint(3) unsigned DEFAULT '0',
  `label` varchar(200) DEFAULT NULL,
  `sorp` timestamp NULL DEFAULT NULL,
  PRIMARY KEY (`id`),
  UNIQUE KEY `id_UNIQUE` (`id`),
  KEY `user_project_idx` (`creator_id`),
  CONSTRAINT `user_project` FOREIGN KEY (`creator_id`) REFERENCES `user` (`id`) ON DELETE NO ACTION ON UPDATE NO ACTION
) ENGINE=InnoDB AUTO_INCREMENT=89 DEFAULT CHARSET=utf8;
/*!40101 SET character_set_client = @saved_cs_client */;

--
-- Dumping data for table `project`
--

LOCK TABLES `project` WRITE;
/*!40000 ALTER TABLE `project` DISABLE KEYS */;
INSERT INTO `project` VALUES (64,2,'2016-08-31 11:21:07','2016-08-31 11:21:07',0,'项目模版','2017-06-13 10:22:32'),(65,2,'2016-08-31 11:23:55','2016-08-31 11:23:55',0,'项目模版','2017-06-13 10:22:32'),(66,2,'2016-08-31 15:24:22','2016-08-31 15:24:22',0,'项目模版','2017-06-13 10:22:32'),(67,2,'2016-08-31 21:15:11','2016-08-31 21:15:11',0,'项目模版','2017-06-13 10:22:32'),(68,2,'2016-08-31 21:36:07','2016-08-31 21:36:07',0,'项目模版','2017-06-13 10:22:32'),(69,2,'2016-08-31 21:46:01','2016-08-31 21:46:01',0,'项目模版zz','2017-06-13 10:22:32'),(70,2,'2016-08-31 21:46:37','2016-08-31 21:46:37',0,'test','2017-06-13 10:22:32'),(71,2,'2016-08-31 21:50:18','2016-08-31 21:50:18',0,'frida test','2017-06-13 10:22:32'),(72,2,'2016-08-31 21:52:10','2016-08-31 21:52:10',0,'frida test2','2017-06-05 10:22:32'),(73,2,'2016-08-31 21:56:51','2016-08-31 21:56:51',0,'frida test3','2017-06-13 10:22:32'),(74,4,'2016-08-31 22:04:11','2016-08-31 22:04:11',0,'项目模版','2017-06-13 10:22:32'),(75,4,'2016-08-31 23:56:54','2016-08-31 23:56:54',0,'created by c','2017-06-13 10:22:32'),(76,4,'2016-08-31 23:58:51','2016-08-31 23:58:51',0,'c','2017-06-13 10:22:32'),(77,4,'2016-09-01 00:00:41','2016-09-01 00:00:41',0,'c2','2017-06-13 10:22:32'),(78,4,'2016-09-01 00:01:50','2016-09-01 00:01:50',0,'c3','2017-06-13 10:22:32'),(79,4,'2016-09-01 00:01:57','2016-09-01 00:01:57',0,'c4','2017-06-13 10:22:32'),(86,4,'2016-09-01 02:08:32','2016-09-01 02:08:32',0,'项目模版','2017-06-13 10:22:32'),(87,4,'2016-09-01 02:08:39','2016-09-01 02:08:39',0,'项目模版','2017-06-13 10:22:32'),(88,2,'2016-09-03 00:43:44','2016-09-03 00:43:44',0,'项目模版','2017-06-13 10:22:32');
/*!40000 ALTER TABLE `project` ENABLE KEYS */;
UNLOCK TABLES;

--
-- Table structure for table `property`
--

DROP TABLE IF EXISTS `property`;
/*!40101 SET @saved_cs_client     = @@character_set_client */;
/*!40101 SET character_set_client = utf8 */;
CREATE TABLE `property` (
  `id` int(10) unsigned NOT NULL AUTO_INCREMENT,
  `key` varchar(500) DEFAULT NULL,
  `label` varchar(100) DEFAULT NULL,
  `text` varchar(500) DEFAULT NULL,
  `value` float DEFAULT NULL,
  `dropdown` varchar(100) DEFAULT NULL,
  `ref_key` varchar(100) DEFAULT NULL,
  `status` bit(1) DEFAULT NULL,
  `engine_id` int(10) unsigned DEFAULT NULL,
  `project_id` int(10) unsigned DEFAULT NULL,
  `curve` tinyint(4) DEFAULT NULL COMMENT 'to mark the value is not-need or to-be-defined.\nnull for not-need while true for to-be defined.\nthe actual value is in curve table.',
  `property_wrap_id` int(10) unsigned DEFAULT NULL,
  `create_time` timestamp NULL DEFAULT CURRENT_TIMESTAMP,
  `update_time` timestamp NULL DEFAULT CURRENT_TIMESTAMP ON UPDATE CURRENT_TIMESTAMP,
  `flag` tinyint(3) unsigned DEFAULT '0',
  PRIMARY KEY (`id`),
  UNIQUE KEY `id_UNIQUE` (`id`),
  KEY `project_property_idx` (`project_id`),
  KEY `engine_property_idx` (`engine_id`),
  KEY `property_wrap_property_idx` (`property_wrap_id`),
  CONSTRAINT `engine_property` FOREIGN KEY (`engine_id`) REFERENCES `engine` (`id`) ON DELETE NO ACTION ON UPDATE NO ACTION,
  CONSTRAINT `project_property` FOREIGN KEY (`project_id`) REFERENCES `project` (`id`) ON DELETE NO ACTION ON UPDATE NO ACTION,
  CONSTRAINT `property_wrap_property` FOREIGN KEY (`property_wrap_id`) REFERENCES `property_wrap` (`id`) ON DELETE NO ACTION ON UPDATE NO ACTION
) ENGINE=InnoDB AUTO_INCREMENT=1557 DEFAULT CHARSET=utf8;
/*!40101 SET character_set_client = @saved_cs_client */;

--
-- Dumping data for table `property`
--

LOCK TABLES `property` WRITE;
/*!40000 ALTER TABLE `property` DISABLE KEYS */;
INSERT INTO `property` VALUES (278,'PROJECT.PLATFORM','platform','',NULL,NULL,NULL,NULL,NULL,64,NULL,NULL,'2016-08-31 11:21:07','2016-08-31 11:21:07',0),(279,'PROJECT.BODY_STYLE','body style','',NULL,NULL,NULL,NULL,NULL,64,NULL,NULL,'2016-08-31 11:21:07','2016-08-31 11:21:07',0),(280,'PROJECT.ENGINE.LABEL','engine','1.0T',NULL,NULL,NULL,NULL,31,NULL,NULL,NULL,'2016-08-31 11:21:07','2016-08-31 11:21:07',0),(281,'PROJECT.ENGINE.TRANSMISSON','Transmission','transmission1',NULL,NULL,NULL,NULL,31,NULL,NULL,NULL,'2016-08-31 11:21:07','2016-08-31 11:21:07',0),(282,'PROJECT.PLATFORM','platform','',NULL,NULL,NULL,NULL,NULL,65,NULL,NULL,'2016-08-31 11:23:55','2016-08-31 11:23:55',0),(283,'PROJECT.BODY_STYLE','body style','',NULL,NULL,NULL,NULL,NULL,65,NULL,NULL,'2016-08-31 11:23:55','2016-08-31 11:23:55',0),(284,'PROJECT.ENGINE.LABEL','engine','1.0T',NULL,NULL,NULL,NULL,32,NULL,NULL,NULL,'2016-08-31 11:23:55','2016-08-31 11:23:55',0),(285,'PROJECT.ENGINE.TRANSMISSON','Transmission','transmission1',NULL,NULL,NULL,NULL,32,NULL,NULL,NULL,'2016-08-31 11:23:55','2016-08-31 11:23:55',0),(286,'PROJECT.PLATFORM','platform','',NULL,NULL,NULL,NULL,NULL,66,NULL,NULL,'2016-08-31 15:24:22','2016-08-31 15:24:22',0),(287,'PROJECT.BODY_STYLE','body style','',NULL,NULL,NULL,NULL,NULL,66,NULL,NULL,'2016-08-31 15:24:22','2016-08-31 15:24:22',0),(288,'PROJECT.ENGINE.LABEL','engine','1.0T',NULL,NULL,NULL,NULL,33,NULL,NULL,NULL,'2016-08-31 15:24:22','2016-08-31 15:24:22',0),(289,'PROJECT.ENGINE.TRANSMISSON','Transmission','transmission1',NULL,NULL,NULL,NULL,33,NULL,NULL,NULL,'2016-08-31 15:24:22','2016-08-31 15:24:22',0),(290,'PROJECT.PLATFORM','platform','',NULL,NULL,NULL,NULL,NULL,67,NULL,NULL,'2016-08-31 21:15:11','2016-08-31 21:15:11',0),(291,'PROJECT.BODY_STYLE','body style','',NULL,NULL,NULL,NULL,NULL,67,NULL,NULL,'2016-08-31 21:15:11','2016-08-31 21:15:11',0),(292,'PROJECT.ENGINE.LABEL','engine','1.0T',NULL,NULL,NULL,NULL,34,NULL,NULL,NULL,'2016-08-31 21:15:11','2016-08-31 21:15:11',0),(293,'PROJECT.ENGINE.TRANSMISSON','Transmission','transmission1',NULL,NULL,NULL,NULL,34,NULL,NULL,NULL,'2016-08-31 21:15:11','2016-08-31 21:15:11',0),(294,'PROJECT.PLATFORM','platform','',NULL,NULL,NULL,NULL,NULL,68,NULL,NULL,'2016-08-31 21:36:07','2016-08-31 21:36:07',0),(295,'PROJECT.BODY_STYLE','body style','',NULL,NULL,NULL,NULL,NULL,68,NULL,NULL,'2016-08-31 21:36:07','2016-08-31 21:36:07',0),(296,'PROJECT.ENGINE.LABEL','engine','1.0T',NULL,NULL,NULL,NULL,35,NULL,NULL,NULL,'2016-08-31 21:36:07','2016-08-31 21:36:07',0),(297,'PROJECT.ENGINE.TRANSMISSON','Transmission','transmission1',NULL,NULL,NULL,NULL,35,NULL,NULL,NULL,'2016-08-31 21:36:07','2016-08-31 21:36:07',0),(298,'PROJECT.PLATFORM','platform','',NULL,NULL,NULL,NULL,NULL,69,NULL,NULL,'2016-08-31 21:46:01','2016-08-31 21:46:01',0),(299,'PROJECT.BODY_STYLE','body style','',NULL,NULL,NULL,NULL,NULL,69,NULL,NULL,'2016-08-31 21:46:01','2016-08-31 21:46:01',0),(300,'PROJECT.ENGINE.LABEL','engine','copy of 1.0T',NULL,NULL,NULL,NULL,36,NULL,NULL,NULL,'2016-08-31 21:46:01','2016-08-31 21:46:01',0),(301,'PROJECT.ENGINE.TRANSMISSON','Transmission','transmission1',NULL,NULL,NULL,NULL,36,NULL,NULL,NULL,'2016-08-31 21:46:01','2016-08-31 21:46:01',0),(302,'PROJECT.ENGINE.LABEL','engine','1.0T',NULL,NULL,NULL,NULL,37,NULL,NULL,NULL,'2016-08-31 21:46:01','2016-08-31 21:46:01',0),(303,'PROJECT.ENGINE.TRANSMISSON','Transmission','transmission1',NULL,NULL,NULL,NULL,37,NULL,NULL,NULL,'2016-08-31 21:46:01','2016-08-31 21:46:01',0),(304,'PROJECT.PLATFORM','platform','aa',NULL,NULL,NULL,NULL,NULL,70,NULL,NULL,'2016-08-31 21:46:37','2016-08-31 21:46:37',0),(305,'PROJECT.BODY_STYLE','body style','bb',NULL,NULL,NULL,NULL,NULL,70,NULL,NULL,'2016-08-31 21:46:37','2016-08-31 21:46:37',0),(306,'PROJECT.ENGINE.LABEL','engine','3.0T',NULL,NULL,NULL,NULL,38,NULL,NULL,NULL,'2016-08-31 21:46:37','2016-08-31 21:46:37',0),(307,'PROJECT.ENGINE.TRANSMISSON','Transmission','ababb',NULL,NULL,NULL,NULL,38,NULL,NULL,NULL,'2016-08-31 21:46:37','2016-08-31 21:46:37',0),(308,'PROJECT.ENGINE.LABEL','engine','1.0T',NULL,NULL,NULL,NULL,39,NULL,NULL,NULL,'2016-08-31 21:46:37','2016-08-31 21:46:37',0),(309,'PROJECT.ENGINE.TRANSMISSON','Transmission','transmission1',NULL,NULL,NULL,NULL,39,NULL,NULL,NULL,'2016-08-31 21:46:37','2016-08-31 21:46:37',0),(310,'PROJECT.PLATFORM','platform','',NULL,NULL,NULL,NULL,NULL,71,NULL,NULL,'2016-08-31 21:50:18','2016-08-31 21:50:18',0),(311,'PROJECT.BODY_STYLE','body style','',NULL,NULL,NULL,NULL,NULL,71,NULL,NULL,'2016-08-31 21:50:18','2016-08-31 21:50:18',0),(312,'PROJECT.ENGINE.LABEL','engine','1.0T',NULL,NULL,NULL,NULL,40,NULL,NULL,NULL,'2016-08-31 21:50:18','2016-08-31 21:50:18',0),(313,'PROJECT.ENGINE.TRANSMISSON','Transmission','transmission1',NULL,NULL,NULL,NULL,40,NULL,NULL,NULL,'2016-08-31 21:50:18','2016-08-31 21:50:18',0),(314,'PROJECT.PLATFORM','platform','',NULL,NULL,NULL,NULL,NULL,72,NULL,NULL,'2016-08-31 21:52:10','2016-08-31 21:52:10',0),(315,'PROJECT.BODY_STYLE','body style','',NULL,NULL,NULL,NULL,NULL,72,NULL,NULL,'2016-08-31 21:52:10','2016-08-31 21:52:10',0),(316,'PROJECT.ENGINE.LABEL','engine','copy of 1.0Tss',NULL,NULL,NULL,NULL,41,NULL,NULL,NULL,'2016-08-31 21:52:10','2016-08-31 21:52:10',0),(317,'PROJECT.ENGINE.TRANSMISSON','Transmission','transmission1ssss',NULL,NULL,NULL,NULL,41,NULL,NULL,NULL,'2016-08-31 21:52:10','2016-08-31 21:52:10',0),(318,'PROJECT.ENGINE.LABEL','engine','1.0T',NULL,NULL,NULL,NULL,42,NULL,NULL,NULL,'2016-08-31 21:52:10','2016-08-31 21:52:10',0),(319,'PROJECT.ENGINE.TRANSMISSON','Transmission','transmission1',NULL,NULL,NULL,NULL,42,NULL,NULL,NULL,'2016-08-31 21:52:10','2016-08-31 21:52:10',0),(320,'PROJECT.PLATFORM','platform','',NULL,NULL,NULL,NULL,NULL,73,NULL,NULL,'2016-08-31 21:56:51','2016-08-31 21:56:51',0),(321,'PROJECT.BODY_STYLE','body style','',NULL,NULL,NULL,NULL,NULL,73,NULL,NULL,'2016-08-31 21:56:51','2016-08-31 21:56:51',0),(322,'PROJECT.ENGINE.LABEL','engine','2.0T',NULL,NULL,NULL,NULL,43,NULL,NULL,NULL,'2016-08-31 21:56:51','2016-08-31 21:56:51',0),(323,'PROJECT.ENGINE.TRANSMISSON','Transmission','abab',NULL,NULL,NULL,NULL,43,NULL,NULL,NULL,'2016-08-31 21:56:51','2016-08-31 21:56:51',0),(324,'PROJECT.ENGINE.LABEL','engine','1.0T',NULL,NULL,NULL,NULL,44,NULL,NULL,NULL,'2016-08-31 21:56:51','2016-08-31 21:56:51',0),(325,'PROJECT.ENGINE.TRANSMISSON','Transmission','transmission1',NULL,NULL,NULL,NULL,44,NULL,NULL,NULL,'2016-08-31 21:56:51','2016-08-31 21:56:51',0),(326,'PROJECT.PLATFORM','platform','',NULL,NULL,NULL,NULL,NULL,74,NULL,NULL,'2016-08-31 22:04:11','2016-08-31 22:04:11',0),(327,'PROJECT.BODY_STYLE','body style','',NULL,NULL,NULL,NULL,NULL,74,NULL,NULL,'2016-08-31 22:04:11','2016-08-31 22:04:11',0),(328,'PROJECT.ENGINE.LABEL','engine','1.0T',NULL,NULL,NULL,NULL,45,NULL,NULL,NULL,'2016-08-31 22:04:11','2016-08-31 22:04:11',0),(329,'PROJECT.ENGINE.TRANSMISSON','Transmission','transmission1',NULL,NULL,NULL,NULL,45,NULL,NULL,NULL,'2016-08-31 22:04:11','2016-08-31 22:04:11',0),(330,'PROJECT.PLATFORM','platform','',NULL,NULL,NULL,NULL,NULL,75,NULL,NULL,'2016-08-31 23:56:54','2016-08-31 23:56:54',0),(331,'PROJECT.BODY_STYLE','body style','',NULL,NULL,NULL,NULL,NULL,75,NULL,NULL,'2016-08-31 23:56:54','2016-08-31 23:56:54',0),(332,'PROJECT.ENGINE.LABEL','engine','new engine',NULL,NULL,NULL,NULL,46,NULL,NULL,NULL,'2016-08-31 23:56:54','2016-08-31 23:56:54',0),(333,'PROJECT.ENGINE.TRANSMISSON','Transmission','',NULL,NULL,NULL,NULL,46,NULL,NULL,NULL,'2016-08-31 23:56:54','2016-08-31 23:56:54',0),(334,'PROJECT.ENGINE.LABEL','engine','new engine',NULL,NULL,NULL,NULL,47,NULL,NULL,NULL,'2016-08-31 23:56:54','2016-08-31 23:56:54',0),(335,'PROJECT.ENGINE.TRANSMISSON','Transmission','',NULL,NULL,NULL,NULL,47,NULL,NULL,NULL,'2016-08-31 23:56:54','2016-08-31 23:56:54',0),(336,'PROJECT.ENGINE.LABEL','engine','new engine',NULL,NULL,NULL,NULL,48,NULL,NULL,NULL,'2016-08-31 23:56:54','2016-08-31 23:56:54',0),(337,'PROJECT.ENGINE.TRANSMISSON','Transmission','',NULL,NULL,NULL,NULL,48,NULL,NULL,NULL,'2016-08-31 23:56:54','2016-08-31 23:56:54',0),(338,'PROJECT.ENGINE.LABEL','engine','1.0T',NULL,NULL,NULL,NULL,49,NULL,NULL,NULL,'2016-08-31 23:56:54','2016-08-31 23:56:54',0),(339,'PROJECT.ENGINE.TRANSMISSON','Transmission','transmission1',NULL,NULL,NULL,NULL,49,NULL,NULL,NULL,'2016-08-31 23:56:54','2016-08-31 23:56:54',0),(340,'PROJECT.PLATFORM','platform','',NULL,NULL,NULL,NULL,NULL,76,NULL,NULL,'2016-08-31 23:58:51','2016-08-31 23:58:51',0),(341,'PROJECT.BODY_STYLE','body style','',NULL,NULL,NULL,NULL,NULL,76,NULL,NULL,'2016-08-31 23:58:51','2016-08-31 23:58:51',0),(342,'PROJECT.ENGINE.LABEL','engine','1.0T',NULL,NULL,NULL,NULL,50,NULL,NULL,NULL,'2016-08-31 23:58:51','2016-08-31 23:58:51',0),(343,'PROJECT.ENGINE.TRANSMISSON','Transmission','transmission1',NULL,NULL,NULL,NULL,50,NULL,NULL,NULL,'2016-08-31 23:58:51','2016-08-31 23:58:51',0),(344,'PROJECT.PLATFORM','platform','',NULL,NULL,NULL,NULL,NULL,77,NULL,NULL,'2016-09-01 00:00:41','2016-09-01 00:00:41',0),(345,'PROJECT.BODY_STYLE','body style','',NULL,NULL,NULL,NULL,NULL,77,NULL,NULL,'2016-09-01 00:00:41','2016-09-01 00:00:41',0),(346,'PROJECT.ENGINE.LABEL','engine','1.0T',NULL,NULL,NULL,NULL,51,NULL,NULL,NULL,'2016-09-01 00:00:41','2016-09-01 00:00:41',0),(347,'PROJECT.ENGINE.TRANSMISSON','Transmission','transmission1',NULL,NULL,NULL,NULL,51,NULL,NULL,NULL,'2016-09-01 00:00:41','2016-09-01 00:00:41',0),(348,'PROJECT.PLATFORM','platform','',NULL,NULL,NULL,NULL,NULL,78,NULL,NULL,'2016-09-01 00:01:50','2016-09-01 00:01:50',0),(349,'PROJECT.BODY_STYLE','body style','',NULL,NULL,NULL,NULL,NULL,78,NULL,NULL,'2016-09-01 00:01:50','2016-09-01 00:01:50',0),(350,'PROJECT.ENGINE.LABEL','engine','1.0T',NULL,NULL,NULL,NULL,52,NULL,NULL,NULL,'2016-09-01 00:01:50','2016-09-01 00:01:50',0),(351,'PROJECT.ENGINE.TRANSMISSON','Transmission','transmission1',NULL,NULL,NULL,NULL,52,NULL,NULL,NULL,'2016-09-01 00:01:50','2016-09-01 00:01:50',0),(352,'PROJECT.PLATFORM','platform','',NULL,NULL,NULL,NULL,NULL,79,NULL,NULL,'2016-09-01 00:01:57','2016-09-01 00:01:57',0),(353,'PROJECT.BODY_STYLE','body style','',NULL,NULL,NULL,NULL,NULL,79,NULL,NULL,'2016-09-01 00:01:57','2016-09-01 00:01:57',0),(354,'PROJECT.ENGINE.LABEL','engine','1.0T',NULL,NULL,NULL,NULL,53,NULL,NULL,NULL,'2016-09-01 00:01:57','2016-09-01 00:01:57',0),(355,'PROJECT.ENGINE.TRANSMISSON','Transmission','transmission1',NULL,NULL,NULL,NULL,53,NULL,NULL,NULL,'2016-09-01 00:01:57','2016-09-01 00:01:57',0),(478,'PROJECT.PLATFORM','platform','',NULL,NULL,NULL,NULL,NULL,86,NULL,NULL,'2016-09-01 02:08:32','2016-09-01 02:08:32',0),(479,'PROJECT.BODY_STYLE','body style','',NULL,NULL,NULL,NULL,NULL,86,NULL,NULL,'2016-09-01 02:08:32','2016-09-01 02:08:32',0),(480,'PROJECT.ENGINE.LABEL','engine','1.0T',NULL,NULL,NULL,NULL,60,NULL,NULL,NULL,'2016-09-01 02:08:32','2016-09-01 02:08:32',0),(481,'PROJECT.ENGINE.TRANSMISSON','Transmission','transmission1',NULL,NULL,NULL,NULL,60,NULL,NULL,NULL,'2016-09-01 02:08:32','2016-09-01 02:08:32',0),(482,'PROJECT.ENGINE.DRIVELINE','Driveline','Driveline1',NULL,NULL,NULL,NULL,60,NULL,NULL,NULL,'2016-09-01 02:08:32','2016-09-01 02:08:32',0),(483,'PROJECT.ENGINE.EMISSIONS_REGULARTION_LEVEL','Emissions Regulation level','Emissions Regulation level1',NULL,NULL,NULL,NULL,60,NULL,NULL,NULL,'2016-09-01 02:08:32','2016-09-01 02:08:32',0),(484,'PROJECT.ENGINE.COLD_ENGINE_IDLE_SPEED','cold engine idle speed','cold engine idle speed1',NULL,NULL,NULL,NULL,60,NULL,NULL,NULL,'2016-09-01 02:08:32','2016-09-01 02:08:32',0),(485,'PROJECT.ENGINE.WARM_ENGINE_IDLE_SPEED','warm engine idle speed','warm engine idle speed1',NULL,NULL,NULL,NULL,60,NULL,NULL,NULL,'2016-09-01 02:08:32','2016-09-01 02:08:32',0),(486,'PROJECT.ENGINE.PASS_BY_REQUIREMENT','Pass By Requirement',NULL,0,NULL,NULL,NULL,60,NULL,NULL,NULL,'2016-09-01 02:08:32','2016-09-01 02:08:32',0),(487,'PROJECT.ENGINE.WARRANTY','Warranty',NULL,0,NULL,NULL,NULL,60,NULL,NULL,NULL,'2016-09-01 02:08:32','2016-09-01 02:08:32',0),(488,'PROJECT.ENGINE.TARGET_DESIGN_LIFE','Target design life','Target design life1',NULL,NULL,NULL,NULL,60,NULL,NULL,NULL,'2016-09-01 02:08:32','2016-09-01 02:08:32',0),(489,'PROJECT.ENGINE.INSULATOR_DPDS_REQUIREMENT','Insulator DPDS Requirement',NULL,NULL,NULL,NULL,NULL,60,NULL,NULL,NULL,'2016-09-01 02:08:32','2016-09-01 02:08:32',0),(490,'PROJECT.ENGINE.PANEL_MODE_REQUIREMENT','Panel Mode Requirement',NULL,0,NULL,NULL,NULL,60,NULL,NULL,NULL,'2016-09-01 02:08:32','2016-09-01 02:08:32',0),(491,'PROJECT.ENGINE.HANGER_NATRURAL_FREQUENCY_REQUIREMENT','Hanger Natrural Frequency Requirement',NULL,0,NULL,NULL,NULL,60,NULL,NULL,NULL,'2016-09-01 02:08:32','2016-09-01 02:08:32',0),(492,'PROJECT.ENGINE.MASS_TARGET','Mass Target',NULL,0,NULL,NULL,NULL,60,NULL,NULL,NULL,'2016-09-01 02:08:32','2016-09-01 02:08:32',0),(493,'PROJECT.ENGINE.RATED_POWER_AT_SPEED','Rated Power@ speed  (Power @ RPM) ',NULL,0,NULL,NULL,NULL,60,NULL,NULL,NULL,'2016-09-01 02:08:32','2016-09-01 02:08:32',0),(494,'PROJECT.ENGINE.MAXIMUM_ENGINE_RPM','Maximum engine RPM',NULL,0,NULL,NULL,NULL,60,NULL,NULL,NULL,'2016-09-01 02:08:32','2016-09-01 02:08:32',0),(495,'PROJECT.ENGINE.MINIMUM_ENGINE_RPM','Minimum engine RPM',NULL,0,NULL,NULL,NULL,60,NULL,NULL,NULL,'2016-09-01 02:08:32','2016-09-01 02:08:32',0),(496,'PROJECT.ENGINE.MAXIMUM_AIR_FLOW','Maximum air flow g/sec (above peak power)',NULL,0,NULL,NULL,NULL,60,NULL,NULL,NULL,'2016-09-01 02:08:32','2016-09-01 02:08:32',0),(497,'PROJECT.ENGINE.MINIMUM_AIR_FLOW','Minimum air flow g/sec  (at XXX RPM idle)',NULL,0,NULL,NULL,NULL,60,NULL,NULL,NULL,'2016-09-01 02:08:32','2016-09-01 02:08:32',0),(498,'PROJECT.ENGINE.INLET_PRESSURE_LOSS_AND_FLOW','Inlet Pressure Loss and Flow (XX kPa @ YY g/s)',NULL,0,NULL,NULL,NULL,60,NULL,NULL,NULL,'2016-09-01 02:08:32','2016-09-01 02:08:32',0),(499,'PROJECT.ENGINE.TOTAL_SYSTEM_EXHAUST_BACKPRESSURE_AND_FLOW','Total System Exhaust Backpressure and Flow (XX kPa @ YY g/s & ZZ deg C)',NULL,0,NULL,NULL,NULL,60,NULL,NULL,NULL,'2016-09-01 02:08:32','2016-09-01 02:08:32',0),(500,'PROJECT.ENGINE.SYSTEM_BACKPRESSURE_POST_1ST_AFTER_TREATMENT','System Backpressure Post 1st Aftertreatment  (XX kPa @ YY g/s & ZZ deg C)',NULL,0,NULL,NULL,NULL,60,NULL,NULL,NULL,'2016-09-01 02:08:32','2016-09-01 02:08:32',0),(501,'PROJECT.ENGINE.PT_AFTER_TREATMENT_BACKPRESSURE_ALLOCATION','PT Aftertreatment Backpressure Allocation (xx kPa @ yy g/s & zz deg C)',NULL,0,NULL,NULL,NULL,60,NULL,NULL,NULL,'2016-09-01 02:08:32','2016-09-01 02:08:32',0),(502,'PROJECT.PLATFORM','platform','',NULL,NULL,NULL,NULL,NULL,87,NULL,NULL,'2016-09-01 02:08:39','2016-09-01 02:08:39',0),(503,'PROJECT.BODY_STYLE','body style','',NULL,NULL,NULL,NULL,NULL,87,NULL,NULL,'2016-09-01 02:08:39','2016-09-01 02:08:39',0),(504,'PROJECT.ENGINE.LABEL','engine','1.0T',NULL,NULL,NULL,NULL,61,NULL,NULL,NULL,'2016-09-01 02:08:39','2016-09-01 02:08:39',0),(505,'PROJECT.ENGINE.TRANSMISSON','Transmission','transmission1',NULL,NULL,NULL,NULL,61,NULL,NULL,NULL,'2016-09-01 02:08:39','2016-09-01 02:08:39',0),(506,'PROJECT.ENGINE.DRIVELINE','Driveline','Driveline1',NULL,NULL,NULL,NULL,61,NULL,NULL,NULL,'2016-09-01 02:08:39','2016-09-01 02:08:39',0),(507,'PROJECT.ENGINE.EMISSIONS_REGULARTION_LEVEL','Emissions Regulation level','Emissions Regulation level1',NULL,NULL,NULL,NULL,61,NULL,NULL,NULL,'2016-09-01 02:08:39','2016-09-01 02:08:39',0),(508,'PROJECT.ENGINE.COLD_ENGINE_IDLE_SPEED','cold engine idle speed','cold engine idle speed1',NULL,NULL,NULL,NULL,61,NULL,NULL,NULL,'2016-09-01 02:08:39','2016-09-01 02:08:39',0),(509,'PROJECT.ENGINE.WARM_ENGINE_IDLE_SPEED','warm engine idle speed','warm engine idle speed1',NULL,NULL,NULL,NULL,61,NULL,NULL,NULL,'2016-09-01 02:08:39','2016-09-01 02:08:39',0),(510,'PROJECT.ENGINE.PASS_BY_REQUIREMENT','Pass By Requirement',NULL,10,NULL,NULL,NULL,61,NULL,NULL,NULL,'2016-09-01 02:08:39','2016-09-01 02:08:39',0),(511,'PROJECT.ENGINE.WARRANTY','Warranty',NULL,0,NULL,NULL,NULL,61,NULL,NULL,NULL,'2016-09-01 02:08:39','2016-09-01 02:08:39',0),(512,'PROJECT.ENGINE.TARGET_DESIGN_LIFE','Target design life','Target design life1',NULL,NULL,NULL,NULL,61,NULL,NULL,NULL,'2016-09-01 02:08:39','2016-09-01 02:08:39',0),(513,'PROJECT.ENGINE.INSULATOR_DPDS_REQUIREMENT','Insulator DPDS Requirement',NULL,NULL,NULL,NULL,NULL,61,NULL,NULL,NULL,'2016-09-01 02:08:39','2016-09-01 02:08:39',0),(514,'PROJECT.ENGINE.PANEL_MODE_REQUIREMENT','Panel Mode Requirement',NULL,10,NULL,NULL,NULL,61,NULL,NULL,NULL,'2016-09-01 02:08:39','2016-09-01 02:08:39',0),(515,'PROJECT.ENGINE.HANGER_NATRURAL_FREQUENCY_REQUIREMENT','Hanger Natrural Frequency Requirement',NULL,0,NULL,NULL,NULL,61,NULL,NULL,NULL,'2016-09-01 02:08:39','2016-09-01 02:08:39',0),(516,'PROJECT.ENGINE.MASS_TARGET','Mass Target',NULL,0,NULL,NULL,NULL,61,NULL,NULL,NULL,'2016-09-01 02:08:39','2016-09-01 02:08:39',0),(517,'PROJECT.ENGINE.RATED_POWER_AT_SPEED','Rated Power@ speed  (Power @ RPM) ',NULL,0,NULL,NULL,NULL,61,NULL,NULL,NULL,'2016-09-01 02:08:39','2016-09-01 02:08:39',0),(518,'PROJECT.ENGINE.MAXIMUM_ENGINE_RPM','Maximum engine RPM',NULL,0,NULL,NULL,NULL,61,NULL,NULL,NULL,'2016-09-01 02:08:39','2016-09-01 02:08:39',0),(519,'PROJECT.ENGINE.MINIMUM_ENGINE_RPM','Minimum engine RPM',NULL,0,NULL,NULL,NULL,61,NULL,NULL,NULL,'2016-09-01 02:08:39','2016-09-01 02:08:39',0),(520,'PROJECT.ENGINE.MAXIMUM_AIR_FLOW','Maximum air flow g/sec (above peak power)',NULL,0,NULL,NULL,NULL,61,NULL,NULL,NULL,'2016-09-01 02:08:39','2016-09-01 02:08:39',0),(521,'PROJECT.ENGINE.MINIMUM_AIR_FLOW','Minimum air flow g/sec  (at XXX RPM idle)',NULL,0,NULL,NULL,NULL,61,NULL,NULL,NULL,'2016-09-01 02:08:39','2016-09-01 02:08:39',0),(522,'PROJECT.ENGINE.INLET_PRESSURE_LOSS_AND_FLOW','Inlet Pressure Loss and Flow (XX kPa @ YY g/s)',NULL,0,NULL,NULL,NULL,61,NULL,NULL,NULL,'2016-09-01 02:08:39','2016-09-01 02:08:39',0),(523,'PROJECT.ENGINE.TOTAL_SYSTEM_EXHAUST_BACKPRESSURE_AND_FLOW','Total System Exhaust Backpressure and Flow (XX kPa @ YY g/s & ZZ deg C)',NULL,0,NULL,NULL,NULL,61,NULL,NULL,NULL,'2016-09-01 02:08:39','2016-09-01 02:08:39',0),(524,'PROJECT.ENGINE.SYSTEM_BACKPRESSURE_POST_1ST_AFTER_TREATMENT','System Backpressure Post 1st Aftertreatment  (XX kPa @ YY g/s & ZZ deg C)',NULL,0,NULL,NULL,NULL,61,NULL,NULL,NULL,'2016-09-01 02:08:39','2016-09-01 02:08:39',0),(525,'PROJECT.ENGINE.PT_AFTER_TREATMENT_BACKPRESSURE_ALLOCATION','PT Aftertreatment Backpressure Allocation (xx kPa @ yy g/s & zz deg C)',NULL,0,NULL,NULL,NULL,61,NULL,NULL,NULL,'2016-09-01 02:08:39','2016-09-01 02:08:39',0),(526,'undefined','品牌',NULL,NULL,'0',NULL,NULL,NULL,NULL,NULL,91,'2016-09-01 02:24:19','2016-09-03 02:10:12',1),(527,'undefined','品牌',NULL,NULL,'0',NULL,NULL,NULL,NULL,NULL,92,'2016-09-01 02:24:45','2016-09-01 02:24:45',0),(528,'undefined','车型',NULL,NULL,'0',NULL,NULL,NULL,NULL,NULL,92,'2016-09-01 02:24:45','2016-09-01 02:24:45',0),(529,'undefined','配置型号（车型年）',NULL,NULL,'0',NULL,NULL,NULL,NULL,NULL,92,'2016-09-01 02:24:45','2016-09-01 02:24:45',0),(530,'undefined','官方指导价',NULL,100,NULL,NULL,NULL,NULL,NULL,NULL,92,'2016-09-01 02:24:45','2016-09-01 02:24:45',0),(531,'undefined','车体形式',NULL,NULL,'0',NULL,NULL,NULL,NULL,NULL,92,'2016-09-01 02:24:45','2016-09-01 02:24:45',0),(532,'undefined','车型级别',NULL,NULL,'0',NULL,NULL,NULL,NULL,NULL,92,'2016-09-01 02:24:45','2016-09-01 02:24:45',0),(533,'undefined','发动机排量',NULL,0,NULL,NULL,NULL,NULL,NULL,NULL,92,'2016-09-01 02:24:45','2016-09-01 02:24:45',0),(534,'undefined','进气形式',NULL,NULL,'0',NULL,NULL,NULL,NULL,NULL,92,'2016-09-01 02:24:45','2016-09-01 02:24:45',0),(535,'undefined','气缸排列形式',NULL,NULL,'0',NULL,NULL,NULL,NULL,NULL,92,'2016-09-01 02:24:45','2016-09-01 02:24:45',0),(536,'undefined','气缸数',NULL,NULL,'0',NULL,NULL,NULL,NULL,NULL,92,'2016-09-01 02:24:45','2016-09-01 02:24:45',0),(537,'undefined','最大马力（Ps）',NULL,0,NULL,NULL,NULL,NULL,NULL,NULL,92,'2016-09-01 02:24:45','2016-09-01 02:24:45',0),(538,'undefined','最大功率（KW）',NULL,0,NULL,NULL,NULL,NULL,NULL,NULL,92,'2016-09-01 02:24:45','2016-09-01 02:24:45',0),(539,'undefined','最大功率转速（rpm）',NULL,0,NULL,NULL,NULL,NULL,NULL,NULL,92,'2016-09-01 02:24:45','2016-09-01 02:24:45',0),(540,'undefined','最大扭矩（N.m）',NULL,0,NULL,NULL,NULL,NULL,NULL,NULL,92,'2016-09-01 02:24:45','2016-09-01 02:24:45',0),(541,'undefined','最大扭矩转速（rpm）',NULL,0,NULL,NULL,NULL,NULL,NULL,NULL,92,'2016-09-01 02:24:45','2016-09-01 02:24:45',0),(542,'undefined','拆解时间',NULL,NULL,'0',NULL,NULL,NULL,NULL,NULL,92,'2016-09-01 02:24:45','2016-09-01 02:24:45',0),(543,'undefined','与SGM对标车型',NULL,NULL,'0',NULL,NULL,NULL,NULL,NULL,92,'2016-09-01 02:24:45','2016-09-01 02:24:45',0),(544,'undefined','整车数模号','整车数模号',NULL,NULL,NULL,NULL,NULL,NULL,NULL,92,'2016-09-01 02:24:45','2016-09-01 02:24:45',0),(545,'undefined','进气系统数模号','AHE28708',NULL,NULL,NULL,NULL,NULL,NULL,NULL,92,'2016-09-01 02:24:45','2016-09-01 02:24:45',0),(546,'undefined','供应商','上海美嘉',NULL,NULL,NULL,NULL,NULL,NULL,NULL,92,'2016-09-01 02:24:45','2016-09-01 02:24:45',0),(547,'undefined','设计亮点','位于tie bar 上方，较好的涉水性能',NULL,NULL,NULL,NULL,NULL,NULL,NULL,92,'2016-09-01 02:24:45','2016-09-01 02:24:45',0),(548,'undefined','品牌',NULL,NULL,'0',NULL,NULL,NULL,NULL,NULL,93,'2016-09-01 02:27:09','2016-09-01 02:27:09',0),(549,'undefined','车型',NULL,NULL,'0',NULL,NULL,NULL,NULL,NULL,93,'2016-09-01 02:27:09','2016-09-01 02:27:09',0),(550,'undefined','配置型号（车型年）',NULL,NULL,'0',NULL,NULL,NULL,NULL,NULL,93,'2016-09-01 02:27:09','2016-09-01 02:27:09',0),(551,'undefined','官方指导价',NULL,100,NULL,NULL,NULL,NULL,NULL,NULL,93,'2016-09-01 02:27:09','2016-09-01 02:27:09',0),(552,'undefined','车体形式',NULL,NULL,'0',NULL,NULL,NULL,NULL,NULL,93,'2016-09-01 02:27:09','2016-09-01 02:27:09',0),(553,'undefined','车型级别',NULL,NULL,'0',NULL,NULL,NULL,NULL,NULL,93,'2016-09-01 02:27:09','2016-09-01 02:27:09',0),(554,'undefined','发动机排量',NULL,0,NULL,NULL,NULL,NULL,NULL,NULL,93,'2016-09-01 02:27:09','2016-09-01 02:27:09',0),(555,'undefined','进气形式',NULL,NULL,'0',NULL,NULL,NULL,NULL,NULL,93,'2016-09-01 02:27:09','2016-09-01 02:27:09',0),(556,'undefined','气缸排列形式',NULL,NULL,'0',NULL,NULL,NULL,NULL,NULL,93,'2016-09-01 02:27:09','2016-09-01 02:27:09',0),(557,'undefined','气缸数',NULL,NULL,'0',NULL,NULL,NULL,NULL,NULL,93,'2016-09-01 02:27:09','2016-09-01 02:27:09',0),(558,'undefined','最大马力（Ps）',NULL,0,NULL,NULL,NULL,NULL,NULL,NULL,93,'2016-09-01 02:27:09','2016-09-01 02:27:09',0),(559,'undefined','最大功率（KW）',NULL,0,NULL,NULL,NULL,NULL,NULL,NULL,93,'2016-09-01 02:27:09','2016-09-01 02:27:09',0),(560,'undefined','最大功率转速（rpm）',NULL,0,NULL,NULL,NULL,NULL,NULL,NULL,93,'2016-09-01 02:27:09','2016-09-01 02:27:09',0),(561,'undefined','最大扭矩（N.m）',NULL,0,NULL,NULL,NULL,NULL,NULL,NULL,93,'2016-09-01 02:27:09','2016-09-01 02:27:09',0),(562,'undefined','最大扭矩转速（rpm）',NULL,0,NULL,NULL,NULL,NULL,NULL,NULL,93,'2016-09-01 02:27:09','2016-09-01 02:27:09',0),(563,'undefined','拆解时间',NULL,NULL,'0',NULL,NULL,NULL,NULL,NULL,93,'2016-09-01 02:27:09','2016-09-01 02:27:09',0),(564,'undefined','与SGM对标车型',NULL,NULL,'0',NULL,NULL,NULL,NULL,NULL,93,'2016-09-01 02:27:09','2016-09-01 02:27:09',0),(565,'undefined','整车数模号','整车数模号',NULL,NULL,NULL,NULL,NULL,NULL,NULL,93,'2016-09-01 02:27:09','2016-09-01 02:27:09',0),(566,'undefined','进气系统数模号','AHE28708',NULL,NULL,NULL,NULL,NULL,NULL,NULL,93,'2016-09-01 02:27:09','2016-09-01 02:27:09',0),(567,'undefined','供应商','上海美嘉',NULL,NULL,NULL,NULL,NULL,NULL,NULL,93,'2016-09-01 02:27:09','2016-09-01 02:27:09',0),(568,'undefined','设计亮点','位于tie bar 上方，较好的涉水性能',NULL,NULL,NULL,NULL,NULL,NULL,NULL,93,'2016-09-01 02:27:09','2016-09-01 02:27:09',0),(569,'undefined','零件重量',NULL,0,NULL,NULL,NULL,NULL,NULL,NULL,94,'2016-09-01 02:27:09','2016-09-01 02:27:09',0),(570,'undefined','零件容积',NULL,0,NULL,NULL,NULL,NULL,NULL,NULL,94,'2016-09-01 02:27:09','2016-09-01 02:27:09',0),(571,'undefined','零件壁厚',NULL,0,NULL,NULL,NULL,NULL,NULL,NULL,94,'2016-09-01 02:27:09','2016-09-01 02:27:09',0),(572,'undefined','零件尺寸（长）',NULL,0,NULL,NULL,NULL,NULL,NULL,NULL,94,'2016-09-01 02:27:09','2016-09-01 02:27:09',0),(573,'undefined','零件尺寸（宽）',NULL,0,NULL,NULL,NULL,NULL,NULL,NULL,94,'2016-09-01 02:27:09','2016-09-01 02:27:09',0),(574,'undefined','零件尺寸（高）',NULL,0,NULL,NULL,NULL,NULL,NULL,NULL,94,'2016-09-01 02:27:09','2016-09-01 02:27:09',0),(575,'undefined','零件材质',NULL,NULL,'0',NULL,NULL,NULL,NULL,NULL,94,'2016-09-01 02:27:09','2016-09-01 02:27:09',0),(576,'undefined','进气口位置','tie bar之上',NULL,NULL,NULL,NULL,NULL,NULL,NULL,94,'2016-09-01 02:27:09','2016-09-01 02:27:09',0),(577,'undefined','进气口面积',NULL,0,NULL,NULL,NULL,NULL,NULL,NULL,94,'2016-09-01 02:27:09','2016-09-01 02:27:09',0),(578,'undefined','工艺',NULL,NULL,'0',NULL,NULL,NULL,NULL,NULL,94,'2016-09-01 02:27:09','2016-09-01 02:27:09',0),(579,'undefined','品牌',NULL,NULL,'0',NULL,NULL,NULL,NULL,NULL,95,'2016-09-01 02:27:40','2016-09-01 02:27:40',0),(580,'undefined','车型',NULL,NULL,'0',NULL,NULL,NULL,NULL,NULL,95,'2016-09-01 02:27:40','2016-09-01 02:27:40',0),(581,'undefined','配置型号（车型年）',NULL,NULL,'0',NULL,NULL,NULL,NULL,NULL,95,'2016-09-01 02:27:40','2016-09-01 02:27:40',0),(582,'undefined','官方指导价',NULL,100,NULL,NULL,NULL,NULL,NULL,NULL,95,'2016-09-01 02:27:40','2016-09-01 02:27:40',0),(583,'undefined','车体形式',NULL,NULL,'0',NULL,NULL,NULL,NULL,NULL,95,'2016-09-01 02:27:40','2016-09-01 02:27:40',0),(584,'undefined','车型级别',NULL,NULL,'0',NULL,NULL,NULL,NULL,NULL,95,'2016-09-01 02:27:40','2016-09-01 02:27:40',0),(585,'undefined','发动机排量',NULL,0,NULL,NULL,NULL,NULL,NULL,NULL,95,'2016-09-01 02:27:40','2016-09-01 02:27:40',0),(586,'undefined','进气形式',NULL,NULL,'0',NULL,NULL,NULL,NULL,NULL,95,'2016-09-01 02:27:40','2016-09-01 02:27:40',0),(587,'undefined','气缸排列形式',NULL,NULL,'0',NULL,NULL,NULL,NULL,NULL,95,'2016-09-01 02:27:40','2016-09-01 02:27:40',0),(588,'undefined','气缸数',NULL,NULL,'0',NULL,NULL,NULL,NULL,NULL,95,'2016-09-01 02:27:40','2016-09-01 02:27:40',0),(589,'undefined','最大马力（Ps）',NULL,0,NULL,NULL,NULL,NULL,NULL,NULL,95,'2016-09-01 02:27:40','2016-09-01 02:27:40',0),(590,'undefined','最大功率（KW）',NULL,0,NULL,NULL,NULL,NULL,NULL,NULL,95,'2016-09-01 02:27:40','2016-09-01 02:27:40',0),(591,'undefined','最大功率转速（rpm）',NULL,0,NULL,NULL,NULL,NULL,NULL,NULL,95,'2016-09-01 02:27:40','2016-09-01 02:27:40',0),(592,'undefined','最大扭矩（N.m）',NULL,0,NULL,NULL,NULL,NULL,NULL,NULL,95,'2016-09-01 02:27:40','2016-09-01 02:27:40',0),(593,'undefined','最大扭矩转速（rpm）',NULL,0,NULL,NULL,NULL,NULL,NULL,NULL,95,'2016-09-01 02:27:40','2016-09-01 02:27:40',0),(594,'undefined','拆解时间',NULL,NULL,'0',NULL,NULL,NULL,NULL,NULL,95,'2016-09-01 02:27:40','2016-09-01 02:27:40',0),(595,'undefined','与SGM对标车型',NULL,NULL,'0',NULL,NULL,NULL,NULL,NULL,95,'2016-09-01 02:27:40','2016-09-01 02:27:40',0),(596,'undefined','整车数模号','整车数模号',NULL,NULL,NULL,NULL,NULL,NULL,NULL,95,'2016-09-01 02:27:40','2016-09-01 02:27:40',0),(597,'undefined','进气系统数模号','AHE28708',NULL,NULL,NULL,NULL,NULL,NULL,NULL,95,'2016-09-01 02:27:40','2016-09-01 02:27:40',0),(598,'undefined','供应商','上海美嘉',NULL,NULL,NULL,NULL,NULL,NULL,NULL,95,'2016-09-01 02:27:40','2016-09-01 02:27:40',0),(599,'undefined','设计亮点','位于tie bar 上方，较好的涉水性能',NULL,NULL,NULL,NULL,NULL,NULL,NULL,95,'2016-09-01 02:27:40','2016-09-01 02:27:40',0),(600,'undefined','零件重量',NULL,0,NULL,NULL,NULL,NULL,NULL,NULL,96,'2016-09-01 02:27:40','2016-09-01 02:27:40',0),(601,'undefined','零件容积',NULL,0,NULL,NULL,NULL,NULL,NULL,NULL,96,'2016-09-01 02:27:40','2016-09-01 02:27:40',0),(602,'undefined','零件壁厚',NULL,0,NULL,NULL,NULL,NULL,NULL,NULL,96,'2016-09-01 02:27:40','2016-09-01 02:27:40',0),(603,'undefined','零件尺寸（长）',NULL,0,NULL,NULL,NULL,NULL,NULL,NULL,96,'2016-09-01 02:27:40','2016-09-01 02:27:40',0),(604,'undefined','零件尺寸（宽）',NULL,0,NULL,NULL,NULL,NULL,NULL,NULL,96,'2016-09-01 02:27:40','2016-09-01 02:27:40',0),(605,'undefined','零件尺寸（高）',NULL,0,NULL,NULL,NULL,NULL,NULL,NULL,96,'2016-09-01 02:27:40','2016-09-01 02:27:40',0),(606,'undefined','零件材质',NULL,NULL,'0',NULL,NULL,NULL,NULL,NULL,96,'2016-09-01 02:27:40','2016-09-01 02:27:40',0),(607,'undefined','进气口位置','tie bar之上',NULL,NULL,NULL,NULL,NULL,NULL,NULL,96,'2016-09-01 02:27:40','2016-09-01 02:27:40',0),(608,'undefined','进气口面积',NULL,0,NULL,NULL,NULL,NULL,NULL,NULL,96,'2016-09-01 02:27:40','2016-09-01 02:27:40',0),(609,'undefined','工艺',NULL,NULL,'0',NULL,NULL,NULL,NULL,NULL,96,'2016-09-01 02:27:40','2016-09-01 02:27:40',0),(610,'undefined','防水措施','防水零件:',NULL,'0',NULL,NULL,NULL,NULL,NULL,96,'2016-09-01 02:27:40','2016-09-01 02:27:40',0),(611,'undefined','thermal措施','通过何种方式隔绝前舱热空气：',NULL,'0',NULL,NULL,NULL,NULL,NULL,96,'2016-09-01 02:27:40','2016-09-01 02:27:40',0),(612,'undefined','谐振器安装点','数量 3, 螺栓, 螺母, 支架',NULL,NULL,NULL,NULL,NULL,NULL,NULL,96,'2016-09-01 02:27:40','2016-09-01 02:27:40',0),(613,'undefined','进气管周边零件间隙','',0,NULL,NULL,NULL,NULL,NULL,NULL,96,'2016-09-01 02:27:40','2016-09-01 02:27:40',0),(614,'undefined','品牌',NULL,NULL,'0',NULL,NULL,NULL,NULL,NULL,97,'2016-09-01 02:32:53','2016-09-01 02:32:53',0),(615,'undefined','车型',NULL,NULL,'0',NULL,NULL,NULL,NULL,NULL,97,'2016-09-01 02:32:53','2016-09-01 02:32:53',0),(616,'undefined','配置型号（车型年）',NULL,NULL,'0',NULL,NULL,NULL,NULL,NULL,97,'2016-09-01 02:32:53','2016-09-01 02:32:53',0),(617,'undefined','官方指导价',NULL,100,NULL,NULL,NULL,NULL,NULL,NULL,97,'2016-09-01 02:32:53','2016-09-01 02:32:53',0),(618,'undefined','车体形式',NULL,NULL,'0',NULL,NULL,NULL,NULL,NULL,97,'2016-09-01 02:32:53','2016-09-01 02:32:53',0),(619,'undefined','车型级别',NULL,NULL,'0',NULL,NULL,NULL,NULL,NULL,97,'2016-09-01 02:32:53','2016-09-01 02:32:53',0),(620,'undefined','发动机排量',NULL,0,NULL,NULL,NULL,NULL,NULL,NULL,97,'2016-09-01 02:32:53','2016-09-01 02:32:53',0),(621,'undefined','进气形式',NULL,NULL,'0',NULL,NULL,NULL,NULL,NULL,97,'2016-09-01 02:32:53','2016-09-01 02:32:53',0),(622,'undefined','气缸排列形式',NULL,NULL,'0',NULL,NULL,NULL,NULL,NULL,97,'2016-09-01 02:32:53','2016-09-01 02:32:53',0),(623,'undefined','气缸数',NULL,NULL,'0',NULL,NULL,NULL,NULL,NULL,97,'2016-09-01 02:32:53','2016-09-01 02:32:53',0),(624,'undefined','最大马力（Ps）',NULL,0,NULL,NULL,NULL,NULL,NULL,NULL,97,'2016-09-01 02:32:53','2016-09-01 02:32:53',0),(625,'undefined','最大功率（KW）',NULL,0,NULL,NULL,NULL,NULL,NULL,NULL,97,'2016-09-01 02:32:53','2016-09-01 02:32:53',0),(626,'undefined','最大功率转速（rpm）',NULL,0,NULL,NULL,NULL,NULL,NULL,NULL,97,'2016-09-01 02:32:53','2016-09-01 02:32:53',0),(627,'undefined','最大扭矩（N.m）',NULL,0,NULL,NULL,NULL,NULL,NULL,NULL,97,'2016-09-01 02:32:53','2016-09-01 02:32:53',0),(628,'undefined','最大扭矩转速（rpm）',NULL,0,NULL,NULL,NULL,NULL,NULL,NULL,97,'2016-09-01 02:32:53','2016-09-01 02:32:53',0),(629,'undefined','拆解时间',NULL,NULL,'0',NULL,NULL,NULL,NULL,NULL,97,'2016-09-01 02:32:53','2016-09-01 02:32:53',0),(630,'undefined','与SGM对标车型',NULL,NULL,'0',NULL,NULL,NULL,NULL,NULL,97,'2016-09-01 02:32:53','2016-09-01 02:32:53',0),(631,'undefined','整车数模号','整车数模号',NULL,NULL,NULL,NULL,NULL,NULL,NULL,97,'2016-09-01 02:32:53','2016-09-01 02:32:53',0),(632,'undefined','进气系统数模号','AHE28708',NULL,NULL,NULL,NULL,NULL,NULL,NULL,97,'2016-09-01 02:32:53','2016-09-01 02:32:53',0),(633,'undefined','供应商','上海美嘉',NULL,NULL,NULL,NULL,NULL,NULL,NULL,97,'2016-09-01 02:32:53','2016-09-01 02:32:53',0),(634,'undefined','设计亮点','位于tie bar 上方，较好的涉水性能',NULL,NULL,NULL,NULL,NULL,NULL,NULL,97,'2016-09-01 02:32:53','2016-09-01 02:32:53',0),(635,'undefined','零件重量',NULL,0,NULL,NULL,NULL,NULL,NULL,NULL,98,'2016-09-01 02:32:53','2016-09-01 02:32:53',0),(636,'undefined','零件容积',NULL,0,NULL,NULL,NULL,NULL,NULL,NULL,98,'2016-09-01 02:32:53','2016-09-01 02:32:53',0),(637,'undefined','零件壁厚',NULL,0,NULL,NULL,NULL,NULL,NULL,NULL,98,'2016-09-01 02:32:53','2016-09-01 02:32:53',0),(638,'undefined','零件尺寸（长）',NULL,0,NULL,NULL,NULL,NULL,NULL,NULL,98,'2016-09-01 02:32:53','2016-09-01 02:32:53',0),(639,'undefined','零件尺寸（宽）',NULL,0,NULL,NULL,NULL,NULL,NULL,NULL,98,'2016-09-01 02:32:53','2016-09-01 02:32:53',0),(640,'undefined','零件尺寸（高）',NULL,0,NULL,NULL,NULL,NULL,NULL,NULL,98,'2016-09-01 02:32:53','2016-09-01 02:32:53',0),(641,'undefined','零件材质',NULL,NULL,'0',NULL,NULL,NULL,NULL,NULL,98,'2016-09-01 02:32:53','2016-09-01 02:32:53',0),(642,'undefined','进气口位置','tie bar之上',NULL,NULL,NULL,NULL,NULL,NULL,NULL,98,'2016-09-01 02:32:53','2016-09-01 02:32:53',0),(643,'undefined','进气口面积',NULL,0,NULL,NULL,NULL,NULL,NULL,NULL,98,'2016-09-01 02:32:53','2016-09-01 02:32:53',0),(644,'undefined','工艺',NULL,NULL,'0',NULL,NULL,NULL,NULL,NULL,98,'2016-09-01 02:32:53','2016-09-01 02:32:53',0),(645,'undefined','防水措施','防水零件:',NULL,'0',NULL,NULL,NULL,NULL,NULL,98,'2016-09-01 02:32:53','2016-09-01 02:32:53',0),(646,'undefined','thermal措施','通过何种方式隔绝前舱热空气：',NULL,'0',NULL,NULL,NULL,NULL,NULL,98,'2016-09-01 02:32:53','2016-09-01 02:32:53',0),(647,'undefined','谐振器安装点','数量 3, 螺栓, 螺母, 支架',NULL,NULL,NULL,NULL,NULL,NULL,NULL,98,'2016-09-01 02:32:53','2016-09-01 02:32:53',0),(648,'undefined','进气管周边零件间隙','',0,NULL,NULL,NULL,NULL,NULL,NULL,98,'2016-09-01 02:32:53','2016-09-01 02:32:53',0),(649,'undefined','零件重量',NULL,0,NULL,NULL,NULL,NULL,NULL,NULL,99,'2016-09-01 02:32:53','2016-09-01 02:32:53',0),(650,'undefined','零件容积',NULL,0,NULL,NULL,NULL,NULL,NULL,NULL,99,'2016-09-01 02:32:53','2016-09-01 02:32:53',0),(651,'undefined','零件壁厚',NULL,0,NULL,NULL,NULL,NULL,NULL,NULL,99,'2016-09-01 02:32:53','2016-09-01 02:32:53',0),(652,'undefined','零件材质',NULL,NULL,'0',NULL,NULL,NULL,NULL,NULL,99,'2016-09-01 02:32:53','2016-09-01 02:32:53',0),(653,'undefined','工艺',NULL,NULL,'0',NULL,NULL,NULL,NULL,NULL,99,'2016-09-01 02:32:53','2016-09-01 02:32:53',0),(654,'undefined','落水孔',NULL,NULL,'0',NULL,NULL,NULL,NULL,NULL,99,'2016-09-01 02:32:53','2016-09-01 02:32:53',0),(655,'undefined','谐振器安装点','数量 3, 螺栓, 螺母, 支架',NULL,NULL,NULL,NULL,NULL,NULL,NULL,99,'2016-09-01 02:32:53','2016-09-01 02:32:53',0),(656,'undefined','谐振器周边零件间隙','',0,NULL,NULL,NULL,NULL,NULL,NULL,99,'2016-09-01 02:32:53','2016-09-01 02:32:53',0),(657,'undefined','零件重量',NULL,0,NULL,NULL,NULL,NULL,NULL,NULL,100,'2016-09-01 02:32:53','2016-09-01 02:32:53',0),(658,'undefined','零件容积',NULL,0,NULL,NULL,NULL,NULL,NULL,NULL,100,'2016-09-01 02:32:53','2016-09-01 02:32:53',0),(659,'undefined','零件壁厚',NULL,0,NULL,NULL,NULL,NULL,NULL,NULL,100,'2016-09-01 02:32:53','2016-09-01 02:32:53',0),(660,'undefined','零件材质',NULL,NULL,'0',NULL,NULL,NULL,NULL,NULL,100,'2016-09-01 02:32:53','2016-09-01 02:32:53',0),(661,'undefined','工艺',NULL,NULL,'0',NULL,NULL,NULL,NULL,NULL,100,'2016-09-01 02:32:53','2016-09-01 02:32:53',0),(662,'undefined','零件尺寸（长）',NULL,0,NULL,NULL,NULL,NULL,NULL,NULL,100,'2016-09-01 02:32:53','2016-09-01 02:32:53',0),(663,'undefined','零件尺寸（宽）',NULL,0,NULL,NULL,NULL,NULL,NULL,NULL,100,'2016-09-01 02:32:53','2016-09-01 02:32:53',0),(664,'undefined','零件尺寸（高）',NULL,0,NULL,NULL,NULL,NULL,NULL,NULL,100,'2016-09-01 02:32:53','2016-09-01 02:32:53',0),(665,'undefined','滤芯',NULL,0,NULL,NULL,NULL,NULL,NULL,NULL,100,'2016-09-01 02:32:53','2016-09-01 02:32:53',0),(666,'undefined','落水孔',NULL,NULL,'0',NULL,NULL,NULL,NULL,NULL,100,'2016-09-01 02:32:53','2016-09-01 02:32:53',0),(667,'undefined','高频谐振器',NULL,NULL,'0',NULL,NULL,NULL,NULL,NULL,100,'2016-09-01 02:32:53','2016-09-01 02:32:53',0),(668,'undefined','传感器形式',NULL,NULL,NULL,NULL,NULL,NULL,NULL,NULL,100,'2016-09-01 02:32:53','2016-09-01 02:32:53',0),(669,'undefined','空滤安装点','数量 3, 螺栓, 螺母, 支架',NULL,NULL,NULL,NULL,NULL,NULL,NULL,100,'2016-09-01 02:32:53','2016-09-01 02:32:53',0),(670,'undefined','空滤周边零件间隙','',0,NULL,NULL,NULL,NULL,NULL,NULL,100,'2016-09-01 02:32:53','2016-09-01 02:32:53',0),(671,'undefined','零件重量',NULL,0,NULL,NULL,NULL,NULL,NULL,NULL,101,'2016-09-01 02:32:53','2016-09-01 02:32:53',0),(672,'undefined','零件材质',NULL,NULL,'0',NULL,NULL,NULL,NULL,NULL,101,'2016-09-01 02:32:53','2016-09-01 02:32:53',0),(673,'undefined','工艺',NULL,NULL,'0',NULL,NULL,NULL,NULL,NULL,101,'2016-09-01 02:32:53','2016-09-01 02:32:53',0),(674,'undefined','零件壁厚',NULL,0,NULL,NULL,NULL,NULL,NULL,NULL,101,'2016-09-01 02:32:53','2016-09-01 02:32:53',0),(675,'undefined','零件容积',NULL,0,NULL,NULL,NULL,NULL,NULL,NULL,101,'2016-09-01 02:32:53','2016-09-01 02:32:53',0),(676,'undefined','零件尺寸（长）',NULL,0,NULL,NULL,NULL,NULL,NULL,NULL,101,'2016-09-01 02:32:53','2016-09-01 02:32:53',0),(677,'undefined','零件尺寸（宽）',NULL,0,NULL,NULL,NULL,NULL,NULL,NULL,101,'2016-09-01 02:32:53','2016-09-01 02:32:53',0),(678,'undefined','零件尺寸（高）',NULL,0,NULL,NULL,NULL,NULL,NULL,NULL,101,'2016-09-01 02:32:53','2016-09-01 02:32:53',0),(679,'undefined','高频谐振器',NULL,NULL,'0',NULL,NULL,NULL,NULL,NULL,101,'2016-09-01 02:32:53','2016-09-01 02:32:53',0),(680,'undefined','卡箍(数量)',NULL,0,NULL,NULL,NULL,NULL,NULL,NULL,101,'2016-09-01 02:32:53','2016-09-01 02:32:53',0),(681,'undefined','卡箍(宽度mm)',NULL,0,NULL,NULL,NULL,NULL,NULL,NULL,101,'2016-09-01 02:32:53','2016-09-01 02:32:53',0),(682,'undefined','卡箍(壁厚mm)',NULL,0,NULL,NULL,NULL,NULL,NULL,NULL,101,'2016-09-01 02:32:53','2016-09-01 02:32:53',0),(683,'undefined','出气管尺寸',NULL,0,NULL,NULL,NULL,NULL,NULL,NULL,101,'2016-09-01 02:32:53','2016-09-01 02:32:53',0),(684,'undefined','节气门尺寸',NULL,0,NULL,NULL,NULL,NULL,NULL,NULL,101,'2016-09-01 02:32:53','2016-09-01 02:32:53',0),(685,'undefined','PCV Box体积',NULL,0,NULL,NULL,NULL,NULL,NULL,NULL,101,'2016-09-01 02:32:53','2016-09-01 02:32:53',0),(686,'undefined','PCV与MAF之间距离',NULL,0,NULL,NULL,NULL,NULL,NULL,NULL,101,'2016-09-01 02:32:53','2016-09-01 02:32:53',0),(687,'undefined','出气管周边零件间隙','',0,NULL,NULL,NULL,NULL,NULL,NULL,101,'2016-09-01 02:32:53','2016-09-01 02:32:53',0),(688,'undefined','压力降',NULL,0,NULL,NULL,NULL,NULL,NULL,NULL,102,'2016-09-01 02:32:53','2016-09-01 02:32:53',0),(689,'undefined','系统模态',NULL,0,NULL,NULL,NULL,NULL,NULL,NULL,102,'2016-09-01 02:32:53','2016-09-01 02:32:53',0),(690,'undefined','进气口噪音','',NULL,NULL,NULL,NULL,NULL,NULL,NULL,102,'2016-09-01 02:32:53','2016-09-01 02:32:53',0),(691,'undefined','辐射噪音','',NULL,NULL,NULL,NULL,NULL,NULL,NULL,102,'2016-09-01 02:32:53','2016-09-01 02:32:53',0),(692,'undefined','过滤效率',NULL,0,NULL,NULL,NULL,NULL,NULL,NULL,102,'2016-09-01 02:32:53','2016-09-01 02:32:53',0),(693,'undefined','容尘量',NULL,0,NULL,NULL,NULL,NULL,NULL,NULL,102,'2016-09-01 02:32:53','2016-09-01 02:32:53',0),(694,'undefined','滤芯泄漏量',NULL,0,NULL,NULL,NULL,NULL,NULL,NULL,102,'2016-09-01 02:32:53','2016-09-01 02:32:53',0),(695,'undefined','减震垫动刚度','',NULL,NULL,NULL,NULL,NULL,NULL,NULL,102,'2016-09-01 02:32:53','2016-09-01 02:32:53',0),(696,'undefined','支点动刚度','',NULL,NULL,NULL,NULL,NULL,NULL,NULL,102,'2016-09-01 02:32:53','2016-09-01 02:32:53',0),(697,'undefined','拉拔力',NULL,0,NULL,NULL,NULL,NULL,NULL,NULL,102,'2016-09-01 02:32:53','2016-09-01 02:32:53',0),(698,'undefined','传递损失','',NULL,NULL,NULL,NULL,NULL,NULL,NULL,102,'2016-09-01 02:32:53','2016-09-01 02:32:53',0),(699,'undefined','插入损失','',NULL,NULL,NULL,NULL,NULL,NULL,NULL,102,'2016-09-01 02:32:53','2016-09-01 02:32:53',0),(700,'undefined','品牌',NULL,NULL,'0',NULL,NULL,NULL,NULL,NULL,103,'2016-09-01 02:33:33','2016-09-01 02:33:33',0),(701,'undefined','车型',NULL,NULL,'0',NULL,NULL,NULL,NULL,NULL,103,'2016-09-01 02:33:33','2016-09-01 02:33:33',0),(702,'undefined','配置型号（车型年）',NULL,NULL,'0',NULL,NULL,NULL,NULL,NULL,103,'2016-09-01 02:33:33','2016-09-01 02:33:33',0),(703,'undefined','官方指导价',NULL,100,NULL,NULL,NULL,NULL,NULL,NULL,103,'2016-09-01 02:33:33','2016-09-01 02:33:33',0),(704,'undefined','车体形式',NULL,NULL,'0',NULL,NULL,NULL,NULL,NULL,103,'2016-09-01 02:33:33','2016-09-01 02:33:33',0),(705,'undefined','车型级别',NULL,NULL,'0',NULL,NULL,NULL,NULL,NULL,103,'2016-09-01 02:33:33','2016-09-01 02:33:33',0),(706,'undefined','发动机排量',NULL,0,NULL,NULL,NULL,NULL,NULL,NULL,103,'2016-09-01 02:33:33','2016-09-01 02:33:33',0),(707,'undefined','进气形式',NULL,NULL,'0',NULL,NULL,NULL,NULL,NULL,103,'2016-09-01 02:33:33','2016-09-01 02:33:33',0),(708,'undefined','气缸排列形式',NULL,NULL,'0',NULL,NULL,NULL,NULL,NULL,103,'2016-09-01 02:33:33','2016-09-01 02:33:33',0),(709,'undefined','气缸数',NULL,NULL,'0',NULL,NULL,NULL,NULL,NULL,103,'2016-09-01 02:33:33','2016-09-01 02:33:33',0),(710,'undefined','最大马力（Ps）',NULL,0,NULL,NULL,NULL,NULL,NULL,NULL,103,'2016-09-01 02:33:33','2016-09-01 02:33:33',0),(711,'undefined','最大功率（KW）',NULL,0,NULL,NULL,NULL,NULL,NULL,NULL,103,'2016-09-01 02:33:33','2016-09-01 02:33:33',0),(712,'undefined','最大功率转速（rpm）',NULL,0,NULL,NULL,NULL,NULL,NULL,NULL,103,'2016-09-01 02:33:33','2016-09-01 02:33:33',0),(713,'undefined','最大扭矩（N.m）',NULL,0,NULL,NULL,NULL,NULL,NULL,NULL,103,'2016-09-01 02:33:33','2016-09-01 02:33:33',0),(714,'undefined','最大扭矩转速（rpm）',NULL,0,NULL,NULL,NULL,NULL,NULL,NULL,103,'2016-09-01 02:33:33','2016-09-01 02:33:33',0),(715,'undefined','拆解时间',NULL,NULL,'0',NULL,NULL,NULL,NULL,NULL,103,'2016-09-01 02:33:33','2016-09-01 02:33:33',0),(716,'undefined','与SGM对标车型',NULL,NULL,'0',NULL,NULL,NULL,NULL,NULL,103,'2016-09-01 02:33:33','2016-09-01 02:33:33',0),(717,'undefined','整车数模号','整车数模号',NULL,NULL,NULL,NULL,NULL,NULL,NULL,103,'2016-09-01 02:33:33','2016-09-01 02:33:33',0),(718,'undefined','进气系统数模号','AHE28708',NULL,NULL,NULL,NULL,NULL,NULL,NULL,103,'2016-09-01 02:33:33','2016-09-01 02:33:33',0),(719,'undefined','供应商','上海美嘉',NULL,NULL,NULL,NULL,NULL,NULL,NULL,103,'2016-09-01 02:33:33','2016-09-01 02:33:33',0),(720,'undefined','设计亮点','位于tie bar 上方，较好的涉水性能',NULL,NULL,NULL,NULL,NULL,NULL,NULL,103,'2016-09-01 02:33:33','2016-09-01 02:33:33',0),(721,'undefined','零件重量',NULL,0,NULL,NULL,NULL,NULL,NULL,NULL,104,'2016-09-01 02:33:33','2016-09-01 02:33:33',0),(722,'undefined','零件容积',NULL,0,NULL,NULL,NULL,NULL,NULL,NULL,104,'2016-09-01 02:33:33','2016-09-01 02:33:33',0),(723,'undefined','零件壁厚',NULL,0,NULL,NULL,NULL,NULL,NULL,NULL,104,'2016-09-01 02:33:33','2016-09-01 02:33:33',0),(724,'undefined','零件尺寸（长）',NULL,0,NULL,NULL,NULL,NULL,NULL,NULL,104,'2016-09-01 02:33:33','2016-09-01 02:33:33',0),(725,'undefined','零件尺寸（宽）',NULL,0,NULL,NULL,NULL,NULL,NULL,NULL,104,'2016-09-01 02:33:33','2016-09-01 02:33:33',0),(726,'undefined','零件尺寸（高）',NULL,0,NULL,NULL,NULL,NULL,NULL,NULL,104,'2016-09-01 02:33:33','2016-09-01 02:33:33',0),(727,'undefined','零件材质',NULL,NULL,'0',NULL,NULL,NULL,NULL,NULL,104,'2016-09-01 02:33:33','2016-09-01 02:33:33',0),(728,'undefined','进气口位置','tie bar之上',NULL,NULL,NULL,NULL,NULL,NULL,NULL,104,'2016-09-01 02:33:33','2016-09-01 02:33:33',0),(729,'undefined','进气口面积',NULL,0,NULL,NULL,NULL,NULL,NULL,NULL,104,'2016-09-01 02:33:33','2016-09-01 02:33:33',0),(730,'undefined','工艺',NULL,NULL,'0',NULL,NULL,NULL,NULL,NULL,104,'2016-09-01 02:33:33','2016-09-01 02:33:33',0),(731,'undefined','防水措施','防水零件:',NULL,'0',NULL,NULL,NULL,NULL,NULL,104,'2016-09-01 02:33:33','2016-09-01 02:33:33',0),(732,'undefined','thermal措施','通过何种方式隔绝前舱热空气：',NULL,'0',NULL,NULL,NULL,NULL,NULL,104,'2016-09-01 02:33:33','2016-09-01 02:33:33',0),(733,'undefined','谐振器安装点','数量 3, 螺栓, 螺母, 支架',NULL,NULL,NULL,NULL,NULL,NULL,NULL,104,'2016-09-01 02:33:33','2016-09-01 02:33:33',0),(734,'undefined','进气管周边零件间隙','',0,NULL,NULL,NULL,NULL,NULL,NULL,104,'2016-09-01 02:33:33','2016-09-01 02:33:33',0),(735,'undefined','零件重量',NULL,0,NULL,NULL,NULL,NULL,NULL,NULL,105,'2016-09-01 02:33:33','2016-09-01 02:33:33',0),(736,'undefined','零件容积',NULL,0,NULL,NULL,NULL,NULL,NULL,NULL,105,'2016-09-01 02:33:33','2016-09-01 02:33:33',0),(737,'undefined','零件壁厚',NULL,0,NULL,NULL,NULL,NULL,NULL,NULL,105,'2016-09-01 02:33:33','2016-09-01 02:33:33',0),(738,'undefined','零件材质',NULL,NULL,'0',NULL,NULL,NULL,NULL,NULL,105,'2016-09-01 02:33:33','2016-09-01 02:33:33',0),(739,'undefined','工艺',NULL,NULL,'0',NULL,NULL,NULL,NULL,NULL,105,'2016-09-01 02:33:33','2016-09-01 02:33:33',0),(740,'undefined','落水孔',NULL,NULL,'0',NULL,NULL,NULL,NULL,NULL,105,'2016-09-01 02:33:33','2016-09-01 02:33:33',0),(741,'undefined','谐振器安装点','数量 3, 螺栓, 螺母, 支架',NULL,NULL,NULL,NULL,NULL,NULL,NULL,105,'2016-09-01 02:33:33','2016-09-01 02:33:33',0),(742,'undefined','谐振器周边零件间隙','',0,NULL,NULL,NULL,NULL,NULL,NULL,105,'2016-09-01 02:33:33','2016-09-01 02:33:33',0),(743,'undefined','零件重量',NULL,0,NULL,NULL,NULL,NULL,NULL,NULL,106,'2016-09-01 02:33:33','2016-09-01 02:33:33',0),(744,'undefined','零件容积',NULL,0,NULL,NULL,NULL,NULL,NULL,NULL,106,'2016-09-01 02:33:33','2016-09-01 02:33:33',0),(745,'undefined','零件壁厚',NULL,0,NULL,NULL,NULL,NULL,NULL,NULL,106,'2016-09-01 02:33:33','2016-09-01 02:33:33',0),(746,'undefined','零件材质',NULL,NULL,'0',NULL,NULL,NULL,NULL,NULL,106,'2016-09-01 02:33:33','2016-09-01 02:33:33',0),(747,'undefined','工艺',NULL,NULL,'0',NULL,NULL,NULL,NULL,NULL,106,'2016-09-01 02:33:33','2016-09-01 02:33:33',0),(748,'undefined','零件尺寸（长）',NULL,0,NULL,NULL,NULL,NULL,NULL,NULL,106,'2016-09-01 02:33:33','2016-09-01 02:33:33',0),(749,'undefined','零件尺寸（宽）',NULL,0,NULL,NULL,NULL,NULL,NULL,NULL,106,'2016-09-01 02:33:33','2016-09-01 02:33:33',0),(750,'undefined','零件尺寸（高）',NULL,0,NULL,NULL,NULL,NULL,NULL,NULL,106,'2016-09-01 02:33:33','2016-09-01 02:33:33',0),(751,'undefined','滤芯',NULL,0,NULL,NULL,NULL,NULL,NULL,NULL,106,'2016-09-01 02:33:33','2016-09-01 02:33:33',0),(752,'undefined','落水孔',NULL,NULL,'0',NULL,NULL,NULL,NULL,NULL,106,'2016-09-01 02:33:33','2016-09-01 02:33:33',0),(753,'undefined','高频谐振器',NULL,NULL,'0',NULL,NULL,NULL,NULL,NULL,106,'2016-09-01 02:33:33','2016-09-01 02:33:33',0),(754,'undefined','传感器形式',NULL,NULL,NULL,NULL,NULL,NULL,NULL,NULL,106,'2016-09-01 02:33:33','2016-09-01 02:33:33',0),(755,'undefined','空滤安装点','数量 3, 螺栓, 螺母, 支架',NULL,NULL,NULL,NULL,NULL,NULL,NULL,106,'2016-09-01 02:33:33','2016-09-01 02:33:33',0),(756,'undefined','空滤周边零件间隙','',0,NULL,NULL,NULL,NULL,NULL,NULL,106,'2016-09-01 02:33:33','2016-09-01 02:33:33',0),(757,'undefined','零件重量',NULL,0,NULL,NULL,NULL,NULL,NULL,NULL,107,'2016-09-01 02:33:33','2016-09-01 02:33:33',0),(758,'undefined','零件材质',NULL,NULL,'0',NULL,NULL,NULL,NULL,NULL,107,'2016-09-01 02:33:33','2016-09-01 02:33:33',0),(759,'undefined','工艺',NULL,NULL,'0',NULL,NULL,NULL,NULL,NULL,107,'2016-09-01 02:33:33','2016-09-01 02:33:33',0),(760,'undefined','零件壁厚',NULL,0,NULL,NULL,NULL,NULL,NULL,NULL,107,'2016-09-01 02:33:33','2016-09-01 02:33:33',0),(761,'undefined','零件容积',NULL,0,NULL,NULL,NULL,NULL,NULL,NULL,107,'2016-09-01 02:33:33','2016-09-01 02:33:33',0),(762,'undefined','零件尺寸（长）',NULL,0,NULL,NULL,NULL,NULL,NULL,NULL,107,'2016-09-01 02:33:33','2016-09-01 02:33:33',0),(763,'undefined','零件尺寸（宽）',NULL,0,NULL,NULL,NULL,NULL,NULL,NULL,107,'2016-09-01 02:33:33','2016-09-01 02:33:33',0),(764,'undefined','零件尺寸（高）',NULL,0,NULL,NULL,NULL,NULL,NULL,NULL,107,'2016-09-01 02:33:33','2016-09-01 02:33:33',0),(765,'undefined','高频谐振器',NULL,NULL,'0',NULL,NULL,NULL,NULL,NULL,107,'2016-09-01 02:33:33','2016-09-01 02:33:33',0),(766,'undefined','卡箍(数量)',NULL,0,NULL,NULL,NULL,NULL,NULL,NULL,107,'2016-09-01 02:33:33','2016-09-01 02:33:33',0),(767,'undefined','卡箍(宽度mm)',NULL,0,NULL,NULL,NULL,NULL,NULL,NULL,107,'2016-09-01 02:33:33','2016-09-01 02:33:33',0),(768,'undefined','卡箍(壁厚mm)',NULL,0,NULL,NULL,NULL,NULL,NULL,NULL,107,'2016-09-01 02:33:33','2016-09-01 02:33:33',0),(769,'undefined','出气管尺寸',NULL,0,NULL,NULL,NULL,NULL,NULL,NULL,107,'2016-09-01 02:33:33','2016-09-01 02:33:33',0),(770,'undefined','节气门尺寸',NULL,0,NULL,NULL,NULL,NULL,NULL,NULL,107,'2016-09-01 02:33:33','2016-09-01 02:33:33',0),(771,'undefined','PCV Box体积',NULL,0,NULL,NULL,NULL,NULL,NULL,NULL,107,'2016-09-01 02:33:33','2016-09-01 02:33:33',0),(772,'undefined','PCV与MAF之间距离',NULL,0,NULL,NULL,NULL,NULL,NULL,NULL,107,'2016-09-01 02:33:33','2016-09-01 02:33:33',0),(773,'undefined','出气管周边零件间隙','',0,NULL,NULL,NULL,NULL,NULL,NULL,107,'2016-09-01 02:33:33','2016-09-01 02:33:33',0),(774,'undefined','压力降',NULL,0,NULL,NULL,NULL,NULL,NULL,NULL,108,'2016-09-01 02:33:33','2016-09-01 02:33:33',0),(775,'undefined','系统模态',NULL,0,NULL,NULL,NULL,NULL,NULL,NULL,108,'2016-09-01 02:33:33','2016-09-01 02:33:33',0),(776,'undefined','进气口噪音','',NULL,NULL,NULL,NULL,NULL,NULL,NULL,108,'2016-09-01 02:33:33','2016-09-01 02:33:33',0),(777,'undefined','辐射噪音','',NULL,NULL,NULL,NULL,NULL,NULL,NULL,108,'2016-09-01 02:33:33','2016-09-01 02:33:33',0),(778,'undefined','过滤效率',NULL,0,NULL,NULL,NULL,NULL,NULL,NULL,108,'2016-09-01 02:33:33','2016-09-01 02:33:33',0),(779,'undefined','容尘量',NULL,0,NULL,NULL,NULL,NULL,NULL,NULL,108,'2016-09-01 02:33:33','2016-09-01 02:33:33',0),(780,'undefined','滤芯泄漏量',NULL,0,NULL,NULL,NULL,NULL,NULL,NULL,108,'2016-09-01 02:33:33','2016-09-01 02:33:33',0),(781,'undefined','减震垫动刚度','',NULL,NULL,NULL,NULL,NULL,NULL,NULL,108,'2016-09-01 02:33:33','2016-09-01 02:33:33',0),(782,'undefined','支点动刚度','',NULL,NULL,NULL,NULL,NULL,NULL,NULL,108,'2016-09-01 02:33:33','2016-09-01 02:33:33',0),(783,'undefined','拉拔力',NULL,0,NULL,NULL,NULL,NULL,NULL,NULL,108,'2016-09-01 02:33:33','2016-09-01 02:33:33',0),(784,'undefined','传递损失','',NULL,NULL,NULL,NULL,NULL,NULL,NULL,108,'2016-09-01 02:33:33','2016-09-01 02:33:33',0),(785,'undefined','插入损失','',NULL,NULL,NULL,NULL,NULL,NULL,NULL,108,'2016-09-01 02:33:33','2016-09-01 02:33:33',0),(786,'PROJECT.TASK.BENCHMARK.VIHICLE.BRAND','品牌',NULL,NULL,NULL,NULL,NULL,NULL,NULL,NULL,109,'2016-09-01 13:07:31','2016-09-01 13:07:31',0),(787,'PROJECT.TASK.BENCHMARK.VIHICLE.STYLE','车型',NULL,NULL,NULL,NULL,NULL,NULL,NULL,NULL,109,'2016-09-01 13:07:31','2016-09-01 13:07:31',0),(788,'PROJECT.TASK.BENCHMARK.VIHICLE.YEAR','配置型号（车型年）',NULL,NULL,NULL,NULL,NULL,NULL,NULL,NULL,109,'2016-09-01 13:07:31','2016-09-01 13:07:31',0),(789,'PROJECT.TASK.BENCHMARK.VIHICLE.PRICE','官方指导价',NULL,100,NULL,NULL,NULL,NULL,NULL,NULL,109,'2016-09-01 13:07:31','2016-09-01 13:07:31',0),(790,'PROJECT.TASK.BENCHMARK.VIHICLE.BODYFORM','车体形式',NULL,NULL,NULL,NULL,NULL,NULL,NULL,NULL,109,'2016-09-01 13:07:31','2016-09-01 13:07:31',0),(791,'PROJECT.TASK.BENCHMARK.VIHICLE.STYLELEVEL','车型级别',NULL,NULL,NULL,NULL,NULL,NULL,NULL,NULL,109,'2016-09-01 13:07:31','2016-09-01 13:07:31',0),(792,'PROJECT.TASK.BENCHMARK.VIHICLE.ENGINE_EMISSION','发动机排量',NULL,0,NULL,NULL,NULL,NULL,NULL,NULL,109,'2016-09-01 13:07:31','2016-09-01 13:07:31',0),(793,'PROJECT.TASK.BENCHMARK.VIHICLE.INTAKE_FORM','进气形式',NULL,NULL,NULL,NULL,NULL,NULL,NULL,NULL,109,'2016-09-01 13:07:31','2016-09-01 13:07:31',0),(794,'PROJECT.TASK.BENCHMARK.VIHICLE.CYLINDER_ARRANGEMENT_FORM','气缸排列形式',NULL,NULL,NULL,NULL,NULL,NULL,NULL,NULL,109,'2016-09-01 13:07:31','2016-09-01 13:07:31',0),(795,'PROJECT.TASK.BENCHMARK.VIHICLE.CYLINDER_NUM','气缸数',NULL,NULL,NULL,NULL,NULL,NULL,NULL,NULL,109,'2016-09-01 13:07:31','2016-09-01 13:07:31',0),(796,'PROJECT.TASK.BENCHMARK.VIHICLE.MAX_HOUSE_POWER','最大马力（Ps）',NULL,0,NULL,NULL,NULL,NULL,NULL,NULL,109,'2016-09-01 13:07:31','2016-09-01 13:07:31',0),(797,'PROJECT.TASK.BENCHMARK.VIHICLE.MAX_POWER','最大功率（KW）',NULL,0,NULL,NULL,NULL,NULL,NULL,NULL,109,'2016-09-01 13:07:31','2016-09-01 13:07:31',0),(798,'PROJECT.TASK.BENCHMARK.VIHICLE.MAX_POWER_SPEED','最大功率转速（rpm）',NULL,0,NULL,NULL,NULL,NULL,NULL,NULL,109,'2016-09-01 13:07:31','2016-09-01 13:07:31',0),(799,'PROJECT.TASK.BENCHMARK.VIHICLE.MAX_TORQUE','最大扭矩（N.m）',NULL,0,NULL,NULL,NULL,NULL,NULL,NULL,109,'2016-09-01 13:07:31','2016-09-01 13:07:31',0),(800,'PROJECT.TASK.BENCHMARK.VIHICLE.MAX_TORQUE_SPEED','最大扭矩转速（rpm）',NULL,0,NULL,NULL,NULL,NULL,NULL,NULL,109,'2016-09-01 13:07:31','2016-09-01 13:07:31',0),(801,'PROJECT.TASK.BENCHMARK.VIHICLE.DISASSEMBLE_TIME','拆解时间',NULL,NULL,NULL,NULL,NULL,NULL,NULL,NULL,109,'2016-09-01 13:07:31','2016-09-01 13:07:31',0),(802,'PROJECT.TASK.BENCHMARK.VIHICLE.SGM_TYPE','与SGM对标车型',NULL,NULL,NULL,NULL,NULL,NULL,NULL,NULL,109,'2016-09-01 13:07:31','2016-09-01 13:07:31',0),(803,'PROJECT.TASK.BENCHMARK.VIHICLE.VEHICLE_MODULUS_NUM','整车数模号','整车数模号',NULL,NULL,NULL,NULL,NULL,NULL,NULL,109,'2016-09-01 13:07:31','2016-09-01 13:07:31',0),(804,'PROJECT.TASK.BENCHMARK.VIHICLE.INTAKE_SYSTEM_MODULUS_NUM','进气系统数模号','AHE28708',NULL,NULL,NULL,NULL,NULL,NULL,NULL,109,'2016-09-01 13:07:31','2016-09-01 13:07:31',0),(805,'PROJECT.TASK.BENCHMARK.VIHICLE.SUPPLIER','供应商','上海美嘉',NULL,NULL,NULL,NULL,NULL,NULL,NULL,109,'2016-09-01 13:07:31','2016-09-01 13:07:31',0),(806,'PROJECT.TASK.BENCHMARK.VIHICLE.ADVANTAGE','设计亮点','位于tie bar 上方，较好的涉水性能',NULL,NULL,NULL,NULL,NULL,NULL,NULL,109,'2016-09-01 13:07:31','2016-09-01 13:07:31',0),(807,'PROJECT.TASK.BENCHMARK.INTAKE_PIPE.MASS','零件重量',NULL,0,NULL,NULL,NULL,NULL,NULL,NULL,110,'2016-09-01 13:07:31','2016-09-01 13:07:31',0),(808,'PROJECT.TASK.BENCHMARK.INTAKE_PIPE.VOLUMN','零件容积',NULL,0,NULL,NULL,NULL,NULL,NULL,NULL,110,'2016-09-01 13:07:31','2016-09-01 13:07:31',0),(809,'PROJECT.TASK.BENCHMARK.INTAKE_PIPE.WALLTHICKNESS','零件壁厚',NULL,0,NULL,NULL,NULL,NULL,NULL,NULL,110,'2016-09-01 13:07:31','2016-09-01 13:07:31',0),(810,'PROJECT.TASK.BENCHMARK.INTAKE_PIPE.DIMENSIONL','零件尺寸（长）',NULL,0,NULL,NULL,NULL,NULL,NULL,NULL,110,'2016-09-01 13:07:31','2016-09-01 13:07:31',0),(811,'PROJECT.TASK.BENCHMARK.INTAKE_PIPE.DIMENSIONW','零件尺寸（宽）',NULL,0,NULL,NULL,NULL,NULL,NULL,NULL,110,'2016-09-01 13:07:31','2016-09-01 13:07:31',0),(812,'PROJECT.TASK.BENCHMARK.INTAKE_PIPE.DIMENSIONH','零件尺寸（高）',NULL,0,NULL,NULL,NULL,NULL,NULL,NULL,110,'2016-09-01 13:07:31','2016-09-01 13:07:31',0),(813,'PROJECT.TASK.BENCHMARK.INTAKE_PIPE.MATERIAL','零件材质',NULL,NULL,NULL,NULL,NULL,NULL,NULL,NULL,110,'2016-09-01 13:07:31','2016-09-01 13:07:31',0),(814,'PROJECT.TASK.BENCHMARK.INTAKE_PIPE.INTAKE_PORT_POS','进气口位置','tie bar之上',NULL,NULL,NULL,NULL,NULL,NULL,NULL,110,'2016-09-01 13:07:31','2016-09-01 13:07:31',0),(815,'PROJECT.TASK.BENCHMARK.INTAKE_PIPE.INTAKE_PORT_AREA','进气口面积',NULL,0,NULL,NULL,NULL,NULL,NULL,NULL,110,'2016-09-01 13:07:31','2016-09-01 13:07:31',0),(816,'PROJECT.TASK.BENCHMARK.INTAKE_PIPE.CRAFTS','工艺',NULL,NULL,NULL,NULL,NULL,NULL,NULL,NULL,110,'2016-09-01 13:07:31','2016-09-01 13:07:31',0),(817,'PROJECT.TASK.BENCHMARK.INTAKE_PIPE.WATER_PROOF','防水措施','防水零件:',NULL,NULL,NULL,NULL,NULL,NULL,NULL,110,'2016-09-01 13:07:31','2016-09-01 13:07:31',0),(818,'PROJECT.TASK.BENCHMARK.INTAKE_PIPE.THERMAL','thermal措施','通过何种方式隔绝前舱热空气：',NULL,NULL,NULL,NULL,NULL,NULL,NULL,110,'2016-09-01 13:07:31','2016-09-01 13:07:31',0),(819,'PROJECT.TASK.BENCHMARK.INTAKE_PIPE.MOUNTING_POINT','谐振器安装点','数量 3, 螺栓, 螺母, 支架',NULL,NULL,NULL,NULL,NULL,NULL,NULL,110,'2016-09-01 13:07:31','2016-09-01 13:07:31',0),(820,'PROJECT.TASK.BENCHMARK.INTAKE_PIPE.GAP_SURROUNDING','进气管周边零件间隙','',0,NULL,NULL,NULL,NULL,NULL,NULL,110,'2016-09-01 13:07:31','2016-09-01 13:07:31',0),(821,'PROJECT.TASK.BENCHMARK.RESONATOR.MASS','零件重量',NULL,0,NULL,NULL,NULL,NULL,NULL,NULL,111,'2016-09-01 13:07:31','2016-09-01 13:07:31',0),(822,'PROJECT.TASK.BENCHMARK.RESONATOR.VOLUMN','零件容积',NULL,0,NULL,NULL,NULL,NULL,NULL,NULL,111,'2016-09-01 13:07:31','2016-09-01 13:07:31',0),(823,'PROJECT.TASK.BENCHMARK.RESONATOR.WALLTHICKNESS','零件壁厚',NULL,0,NULL,NULL,NULL,NULL,NULL,NULL,111,'2016-09-01 13:07:31','2016-09-01 13:07:31',0),(824,'PROJECT.TASK.BENCHMARK.RESONATOR.MATERIAL','零件材质',NULL,NULL,NULL,NULL,NULL,NULL,NULL,NULL,111,'2016-09-01 13:07:31','2016-09-01 13:07:31',0),(825,'PROJECT.TASK.BENCHMARK.RESONATOR.CRAFTS','工艺',NULL,NULL,NULL,NULL,NULL,NULL,NULL,NULL,111,'2016-09-01 13:07:31','2016-09-01 13:07:31',0),(826,'PROJECT.TASK.BENCHMARK.RESONATOR.WATER_HOLE','落水孔',NULL,NULL,NULL,NULL,NULL,NULL,NULL,NULL,111,'2016-09-01 13:07:31','2016-09-01 13:07:31',0),(827,'PROJECT.TASK.BENCHMARK.RESONATOR.MOUNTING_POINT','谐振器安装点','数量 3, 螺栓, 螺母, 支架',NULL,NULL,NULL,NULL,NULL,NULL,NULL,111,'2016-09-01 13:07:31','2016-09-01 13:07:31',0),(828,'PROJECT.TASK.BENCHMARK.RESONATOR.GAP_SURROUNDING','谐振器周边零件间隙','',0,NULL,NULL,NULL,NULL,NULL,NULL,111,'2016-09-01 13:07:31','2016-09-01 13:07:31',0),(829,'PROJECT.TASK.BENCHMARK.AIR_FILTER.MASS','零件重量',NULL,0,NULL,NULL,NULL,NULL,NULL,NULL,112,'2016-09-01 13:07:31','2016-09-01 13:07:31',0),(830,'PROJECT.TASK.BENCHMARK.AIR_FILTER.VOLUMN','零件容积',NULL,0,NULL,NULL,NULL,NULL,NULL,NULL,112,'2016-09-01 13:07:31','2016-09-01 13:07:31',0),(831,'PROJECT.TASK.BENCHMARK.AIR_FILTER.WALLTHICKNESS','零件壁厚',NULL,0,NULL,NULL,NULL,NULL,NULL,NULL,112,'2016-09-01 13:07:31','2016-09-01 13:07:31',0),(832,'PROJECT.TASK.BENCHMARK.AIR_FILTER.MATERIAL','零件材质',NULL,NULL,NULL,NULL,NULL,NULL,NULL,NULL,112,'2016-09-01 13:07:31','2016-09-01 13:07:31',0),(833,'PROJECT.TASK.BENCHMARK.AIR_FILTER.CRAFTS','工艺',NULL,NULL,NULL,NULL,NULL,NULL,NULL,NULL,112,'2016-09-01 13:07:31','2016-09-01 13:07:31',0),(834,'PROJECT.TASK.BENCHMARK.AIR_FILTER.DIMENSIONL','零件尺寸（长）',NULL,0,NULL,NULL,NULL,NULL,NULL,NULL,112,'2016-09-01 13:07:31','2016-09-01 13:07:31',0),(835,'PROJECT.TASK.BENCHMARK.AIR_FILTER.DIMENSIONW','零件尺寸（宽）',NULL,0,NULL,NULL,NULL,NULL,NULL,NULL,112,'2016-09-01 13:07:31','2016-09-01 13:07:31',0),(836,'PROJECT.TASK.BENCHMARK.AIR_FILTER.DIMENSIONH','零件尺寸（高）',NULL,0,NULL,NULL,NULL,NULL,NULL,NULL,112,'2016-09-01 13:07:31','2016-09-01 13:07:31',0),(837,'PROJECT.TASK.BENCHMARK.AIR_FILTER.FILTER','滤芯',NULL,0,NULL,NULL,NULL,NULL,NULL,NULL,112,'2016-09-01 13:07:31','2016-09-01 13:07:31',0),(838,'PROJECT.TASK.BENCHMARK.AIR_FILTER.WATER_HOLE','落水孔',NULL,NULL,NULL,NULL,NULL,NULL,NULL,NULL,112,'2016-09-01 13:07:31','2016-09-01 13:07:31',0),(839,'PROJECT.TASK.BENCHMARK.AIR_FILTER.HIGH_FREQUENCY_RESONATOR','高频谐振器',NULL,NULL,NULL,NULL,NULL,NULL,NULL,NULL,112,'2016-09-01 13:07:31','2016-09-01 13:07:31',0),(840,'PROJECT.TASK.BENCHMARK.AIR_FILTER.SENSORSFORM','传感器形式',NULL,NULL,NULL,NULL,NULL,NULL,NULL,NULL,112,'2016-09-01 13:07:31','2016-09-01 13:07:31',0),(841,'PROJECT.TASK.BENCHMARK.AIR_FILTER.MOUNTING_POINT','空滤安装点','数量 3, 螺栓, 螺母, 支架',NULL,NULL,NULL,NULL,NULL,NULL,NULL,112,'2016-09-01 13:07:31','2016-09-01 13:07:31',0),(842,'PROJECT.TASK.BENCHMARK.AIR_FILTER.GAP_SURROUNDING','空滤周边零件间隙','',0,NULL,NULL,NULL,NULL,NULL,NULL,112,'2016-09-01 13:07:31','2016-09-01 13:07:31',0),(843,'PROJECT.TASK.BENCHMARK.OUTTAKE_PIPE.MASS','零件重量',NULL,0,NULL,NULL,NULL,NULL,NULL,NULL,113,'2016-09-01 13:07:31','2016-09-01 13:07:31',0),(844,'PROJECT.TASK.BENCHMARK.OUTTAKE_PIPE.MATERIAL','零件材质',NULL,NULL,NULL,NULL,NULL,NULL,NULL,NULL,113,'2016-09-01 13:07:31','2016-09-01 13:07:31',0),(845,'PROJECT.TASK.BENCHMARK.OUTTAKE_PIPE.CRAFTS','工艺',NULL,NULL,NULL,NULL,NULL,NULL,NULL,NULL,113,'2016-09-01 13:07:31','2016-09-01 13:07:31',0),(846,'PROJECT.TASK.BENCHMARK.OUTTAKE_PIPE.WALLTHICKNESS','零件壁厚',NULL,0,NULL,NULL,NULL,NULL,NULL,NULL,113,'2016-09-01 13:07:31','2016-09-01 13:07:31',0),(847,'PROJECT.TASK.BENCHMARK.OUTTAKE_PIPE.VOLUMN','零件容积',NULL,0,NULL,NULL,NULL,NULL,NULL,NULL,113,'2016-09-01 13:07:31','2016-09-01 13:07:31',0),(848,'PROJECT.TASK.BENCHMARK.OUTTAKE_PIPE.DIMENSIONL','零件尺寸（长）',NULL,0,NULL,NULL,NULL,NULL,NULL,NULL,113,'2016-09-01 13:07:31','2016-09-01 13:07:31',0),(849,'PROJECT.TASK.BENCHMARK.OUTTAKE_PIPE.DIMENSIONW','零件尺寸（宽）',NULL,0,NULL,NULL,NULL,NULL,NULL,NULL,113,'2016-09-01 13:07:31','2016-09-01 13:07:31',0),(850,'PROJECT.TASK.BENCHMARK.OUTTAKE_PIPE.DIMENSIONH','零件尺寸（高）',NULL,0,NULL,NULL,NULL,NULL,NULL,NULL,113,'2016-09-01 13:07:31','2016-09-01 13:07:31',0),(851,'PROJECT.TASK.BENCHMARK.OUTTAKE_PIPE.HIGH_FREQUENCY_RESONATOR','高频谐振器',NULL,NULL,NULL,NULL,NULL,NULL,NULL,NULL,113,'2016-09-01 13:07:31','2016-09-01 13:07:31',0),(852,'PROJECT.TASK.BENCHMARK.OUTTAKE_PIPE.CLAMPS_NUM','卡箍(数量)',NULL,0,NULL,NULL,NULL,NULL,NULL,NULL,113,'2016-09-01 13:07:31','2016-09-01 13:07:31',0),(853,'PROJECT.TASK.BENCHMARK.OUTTAKE_PIPE.CLAMPSW','卡箍(宽度mm)',NULL,0,NULL,NULL,NULL,NULL,NULL,NULL,113,'2016-09-01 13:07:31','2016-09-01 13:07:31',0),(854,'PROJECT.TASK.BENCHMARK.OUTTAKE_PIPE.CLAMPS_WALLTHICKNESS','卡箍(壁厚mm)',NULL,0,NULL,NULL,NULL,NULL,NULL,NULL,113,'2016-09-01 13:07:31','2016-09-01 13:07:31',0),(855,'PROJECT.TASK.BENCHMARK.OUTTAKE_PIPE.OUTLET_PIPE_SIZE','出气管尺寸',NULL,0,NULL,NULL,NULL,NULL,NULL,NULL,113,'2016-09-01 13:07:31','2016-09-01 13:07:31',0),(856,'PROJECT.TASK.BENCHMARK.OUTTAKE_PIPE.THROTTLE_SIZE','节气门尺寸',NULL,0,NULL,NULL,NULL,NULL,NULL,NULL,113,'2016-09-01 13:07:31','2016-09-01 13:07:31',0),(857,'PROJECT.TASK.BENCHMARK.OUTTAKE_PIPE.PCV_BOX_VOLUMN','PCV Box体积',NULL,0,NULL,NULL,NULL,NULL,NULL,NULL,113,'2016-09-01 13:07:31','2016-09-01 13:07:31',0),(858,'PROJECT.TASK.BENCHMARK.OUTTAKE_PIPE.PCV_MAF_DIS','PCV与MAF之间距离',NULL,0,NULL,NULL,NULL,NULL,NULL,NULL,113,'2016-09-01 13:07:31','2016-09-01 13:07:31',0),(859,'PROJECT.TASK.BENCHMARK.OUTTAKE_PIPE.GAP_SURROUNDING','出气管周边零件间隙','',0,NULL,NULL,NULL,NULL,NULL,NULL,113,'2016-09-01 13:07:31','2016-09-01 13:07:31',0),(860,'PROJECT.TASK.BENCHMARK.PERFORMANCE.BP','压力降',NULL,0,NULL,NULL,NULL,NULL,NULL,NULL,114,'2016-09-01 13:07:31','2016-09-01 13:07:31',0),(861,'PROJECT.TASK.BENCHMARK.PERFORMANCE.SYSTEM_MODAL','系统模态',NULL,0,NULL,NULL,NULL,NULL,NULL,NULL,114,'2016-09-01 13:07:31','2016-09-01 13:07:31',0),(862,'PROJECT.TASK.BENCHMARK.PERFORMANCE.INTAKE_NOISE','进气口噪音','',NULL,NULL,NULL,NULL,NULL,NULL,NULL,114,'2016-09-01 13:07:31','2016-09-01 13:07:31',0),(863,'PROJECT.TASK.BENCHMARK.PERFORMANCE.RADIATION_NOISE','辐射噪音','',NULL,NULL,NULL,NULL,NULL,NULL,NULL,114,'2016-09-01 13:07:31','2016-09-01 13:07:31',0),(864,'PROJECT.TASK.BENCHMARK.PERFORMANCE.FILTRATION_EFFICIENCY','过滤效率',NULL,0,NULL,NULL,NULL,NULL,NULL,NULL,114,'2016-09-01 13:07:31','2016-09-01 13:07:31',0),(865,'PROJECT.TASK.BENCHMARK.PERFORMANCE.DUST_HOLDING_CAPACITY','容尘量',NULL,0,NULL,NULL,NULL,NULL,NULL,NULL,114,'2016-09-01 13:07:31','2016-09-01 13:07:31',0),(866,'PROJECT.TASK.BENCHMARK.PERFORMANCE.FILTER_LEAKAGE','滤芯泄漏量',NULL,0,NULL,NULL,NULL,NULL,NULL,NULL,114,'2016-09-01 13:07:31','2016-09-01 13:07:31',0),(867,'PROJECT.TASK.BENCHMARK.PERFORMANCE.CUSHION_DYNAMIC_STIFFNESS','减震垫动刚度','',NULL,NULL,NULL,NULL,NULL,NULL,NULL,114,'2016-09-01 13:07:31','2016-09-01 13:07:31',0),(868,'PROJECT.TASK.BENCHMARK.PERFORMANCE.FULCRUM_DYNAMIC_STIFFNESS','支点动刚度','',NULL,NULL,NULL,NULL,NULL,NULL,NULL,114,'2016-09-01 13:07:31','2016-09-01 13:07:31',0),(869,'PROJECT.TASK.BENCHMARK.PERFORMANCE.PULLING_FORCE','拉拔力',NULL,0,NULL,NULL,NULL,NULL,NULL,NULL,114,'2016-09-01 13:07:31','2016-09-01 13:07:31',0),(870,'PROJECT.TASK.BENCHMARK.PERFORMANCE.TRANSMISSION_LOSS','传递损失','',NULL,NULL,NULL,NULL,NULL,NULL,NULL,114,'2016-09-01 13:07:31','2016-09-01 13:07:31',0),(871,'PROJECT.TASK.BENCHMARK.PERFORMANCE.INSERTION_LOSS','插入损失','',NULL,NULL,NULL,NULL,NULL,NULL,NULL,114,'2016-09-01 13:07:31','2016-09-01 13:07:31',0),(872,'PROJECT.TASK.BENCHMARK.VIHICLE.BRAND','品牌',NULL,NULL,NULL,NULL,NULL,NULL,NULL,NULL,115,'2016-09-01 13:08:47','2016-09-01 13:08:47',0),(873,'PROJECT.TASK.BENCHMARK.VIHICLE.STYLE','车型',NULL,NULL,NULL,NULL,NULL,NULL,NULL,NULL,115,'2016-09-01 13:08:47','2016-09-01 13:08:47',0),(874,'PROJECT.TASK.BENCHMARK.VIHICLE.YEAR','配置型号（车型年）',NULL,NULL,NULL,NULL,NULL,NULL,NULL,NULL,115,'2016-09-01 13:08:47','2016-09-01 13:08:47',0),(875,'PROJECT.TASK.BENCHMARK.VIHICLE.PRICE','官方指导价',NULL,100,NULL,NULL,NULL,NULL,NULL,NULL,115,'2016-09-01 13:08:47','2016-09-01 13:08:47',0),(876,'PROJECT.TASK.BENCHMARK.VIHICLE.BODYFORM','车体形式',NULL,NULL,NULL,NULL,NULL,NULL,NULL,NULL,115,'2016-09-01 13:08:47','2016-09-01 13:08:47',0),(877,'PROJECT.TASK.BENCHMARK.VIHICLE.STYLELEVEL','车型级别',NULL,NULL,NULL,NULL,NULL,NULL,NULL,NULL,115,'2016-09-01 13:08:47','2016-09-01 13:08:47',0),(878,'PROJECT.TASK.BENCHMARK.VIHICLE.ENGINE_EMISSION','发动机排量',NULL,0,NULL,NULL,NULL,NULL,NULL,NULL,115,'2016-09-01 13:08:47','2016-09-01 13:08:47',0),(879,'PROJECT.TASK.BENCHMARK.VIHICLE.INTAKE_FORM','进气形式',NULL,NULL,NULL,NULL,NULL,NULL,NULL,NULL,115,'2016-09-01 13:08:47','2016-09-01 13:08:47',0),(880,'PROJECT.TASK.BENCHMARK.VIHICLE.CYLINDER_ARRANGEMENT_FORM','气缸排列形式',NULL,NULL,NULL,NULL,NULL,NULL,NULL,NULL,115,'2016-09-01 13:08:47','2016-09-01 13:08:47',0),(881,'PROJECT.TASK.BENCHMARK.VIHICLE.CYLINDER_NUM','气缸数',NULL,NULL,NULL,NULL,NULL,NULL,NULL,NULL,115,'2016-09-01 13:08:47','2016-09-01 13:08:47',0),(882,'PROJECT.TASK.BENCHMARK.VIHICLE.MAX_HOUSE_POWER','最大马力（Ps）',NULL,0,NULL,NULL,NULL,NULL,NULL,NULL,115,'2016-09-01 13:08:47','2016-09-01 13:08:47',0),(883,'PROJECT.TASK.BENCHMARK.VIHICLE.MAX_POWER','最大功率（KW）',NULL,0,NULL,NULL,NULL,NULL,NULL,NULL,115,'2016-09-01 13:08:47','2016-09-01 13:08:47',0),(884,'PROJECT.TASK.BENCHMARK.VIHICLE.MAX_POWER_SPEED','最大功率转速（rpm）',NULL,0,NULL,NULL,NULL,NULL,NULL,NULL,115,'2016-09-01 13:08:47','2016-09-01 13:08:47',0),(885,'PROJECT.TASK.BENCHMARK.VIHICLE.MAX_TORQUE','最大扭矩（N.m）',NULL,0,NULL,NULL,NULL,NULL,NULL,NULL,115,'2016-09-01 13:08:47','2016-09-01 13:08:47',0),(886,'PROJECT.TASK.BENCHMARK.VIHICLE.MAX_TORQUE_SPEED','最大扭矩转速（rpm）',NULL,0,NULL,NULL,NULL,NULL,NULL,NULL,115,'2016-09-01 13:08:47','2016-09-01 13:08:47',0),(887,'PROJECT.TASK.BENCHMARK.VIHICLE.DISASSEMBLE_TIME','拆解时间',NULL,NULL,NULL,NULL,NULL,NULL,NULL,NULL,115,'2016-09-01 13:08:47','2016-09-01 13:08:47',0),(888,'PROJECT.TASK.BENCHMARK.VIHICLE.SGM_TYPE','与SGM对标车型',NULL,NULL,NULL,NULL,NULL,NULL,NULL,NULL,115,'2016-09-01 13:08:47','2016-09-01 13:08:47',0),(889,'PROJECT.TASK.BENCHMARK.VIHICLE.VEHICLE_MODULUS_NUM','整车数模号','整车数模号',NULL,NULL,NULL,NULL,NULL,NULL,NULL,115,'2016-09-01 13:08:47','2016-09-01 13:08:47',0),(890,'PROJECT.TASK.BENCHMARK.VIHICLE.INTAKE_SYSTEM_MODULUS_NUM','进气系统数模号','AHE28708',NULL,NULL,NULL,NULL,NULL,NULL,NULL,115,'2016-09-01 13:08:47','2016-09-01 13:08:47',0),(891,'PROJECT.TASK.BENCHMARK.VIHICLE.SUPPLIER','供应商','上海美嘉',NULL,NULL,NULL,NULL,NULL,NULL,NULL,115,'2016-09-01 13:08:47','2016-09-01 13:08:47',0),(892,'PROJECT.TASK.BENCHMARK.VIHICLE.ADVANTAGE','设计亮点','位于tie bar 上方，较好的涉水性能',NULL,NULL,NULL,NULL,NULL,NULL,NULL,115,'2016-09-01 13:08:47','2016-09-01 13:08:47',0),(893,'PROJECT.TASK.BENCHMARK.INTAKE_PIPE.MASS','零件重量',NULL,0,NULL,NULL,NULL,NULL,NULL,NULL,116,'2016-09-01 13:08:47','2016-09-01 13:08:47',0),(894,'PROJECT.TASK.BENCHMARK.INTAKE_PIPE.VOLUMN','零件容积',NULL,0,NULL,NULL,NULL,NULL,NULL,NULL,116,'2016-09-01 13:08:47','2016-09-01 13:08:47',0),(895,'PROJECT.TASK.BENCHMARK.INTAKE_PIPE.WALLTHICKNESS','零件壁厚',NULL,0,NULL,NULL,NULL,NULL,NULL,NULL,116,'2016-09-01 13:08:47','2016-09-01 13:08:47',0),(896,'PROJECT.TASK.BENCHMARK.INTAKE_PIPE.DIMENSIONL','零件尺寸（长）',NULL,0,NULL,NULL,NULL,NULL,NULL,NULL,116,'2016-09-01 13:08:47','2016-09-01 13:08:47',0),(897,'PROJECT.TASK.BENCHMARK.INTAKE_PIPE.DIMENSIONW','零件尺寸（宽）',NULL,0,NULL,NULL,NULL,NULL,NULL,NULL,116,'2016-09-01 13:08:47','2016-09-01 13:08:47',0),(898,'PROJECT.TASK.BENCHMARK.INTAKE_PIPE.DIMENSIONH','零件尺寸（高）',NULL,0,NULL,NULL,NULL,NULL,NULL,NULL,116,'2016-09-01 13:08:47','2016-09-01 13:08:47',0),(899,'PROJECT.TASK.BENCHMARK.INTAKE_PIPE.MATERIAL','零件材质',NULL,NULL,NULL,NULL,NULL,NULL,NULL,NULL,116,'2016-09-01 13:08:47','2016-09-01 13:08:47',0),(900,'PROJECT.TASK.BENCHMARK.INTAKE_PIPE.INTAKE_PORT_POS','进气口位置','tie bar之上',NULL,NULL,NULL,NULL,NULL,NULL,NULL,116,'2016-09-01 13:08:47','2016-09-01 13:08:47',0),(901,'PROJECT.TASK.BENCHMARK.INTAKE_PIPE.INTAKE_PORT_AREA','进气口面积',NULL,0,NULL,NULL,NULL,NULL,NULL,NULL,116,'2016-09-01 13:08:47','2016-09-01 13:08:47',0),(902,'PROJECT.TASK.BENCHMARK.INTAKE_PIPE.CRAFTS','工艺',NULL,NULL,NULL,NULL,NULL,NULL,NULL,NULL,116,'2016-09-01 13:08:47','2016-09-01 13:08:47',0),(903,'PROJECT.TASK.BENCHMARK.INTAKE_PIPE.WATER_PROOF','防水措施','防水零件:',NULL,NULL,NULL,NULL,NULL,NULL,NULL,116,'2016-09-01 13:08:47','2016-09-01 13:08:47',0),(904,'PROJECT.TASK.BENCHMARK.INTAKE_PIPE.THERMAL','thermal措施','通过何种方式隔绝前舱热空气：',NULL,NULL,NULL,NULL,NULL,NULL,NULL,116,'2016-09-01 13:08:47','2016-09-01 13:08:47',0),(905,'PROJECT.TASK.BENCHMARK.INTAKE_PIPE.MOUNTING_POINT','谐振器安装点','数量 3, 螺栓, 螺母, 支架',NULL,NULL,NULL,NULL,NULL,NULL,NULL,116,'2016-09-01 13:08:47','2016-09-01 13:08:47',0),(906,'PROJECT.TASK.BENCHMARK.INTAKE_PIPE.GAP_SURROUNDING','进气管周边零件间隙','',0,NULL,NULL,NULL,NULL,NULL,NULL,116,'2016-09-01 13:08:47','2016-09-01 13:08:47',0),(907,'PROJECT.TASK.BENCHMARK.RESONATOR.MASS','零件重量',NULL,0,NULL,NULL,NULL,NULL,NULL,NULL,117,'2016-09-01 13:08:47','2016-09-01 13:08:47',0),(908,'PROJECT.TASK.BENCHMARK.RESONATOR.VOLUMN','零件容积',NULL,0,NULL,NULL,NULL,NULL,NULL,NULL,117,'2016-09-01 13:08:47','2016-09-01 13:08:47',0),(909,'PROJECT.TASK.BENCHMARK.RESONATOR.WALLTHICKNESS','零件壁厚',NULL,0,NULL,NULL,NULL,NULL,NULL,NULL,117,'2016-09-01 13:08:47','2016-09-01 13:08:47',0),(910,'PROJECT.TASK.BENCHMARK.RESONATOR.MATERIAL','零件材质',NULL,NULL,NULL,NULL,NULL,NULL,NULL,NULL,117,'2016-09-01 13:08:47','2016-09-01 13:08:47',0),(911,'PROJECT.TASK.BENCHMARK.RESONATOR.CRAFTS','工艺',NULL,NULL,NULL,NULL,NULL,NULL,NULL,NULL,117,'2016-09-01 13:08:47','2016-09-01 13:08:47',0),(912,'PROJECT.TASK.BENCHMARK.RESONATOR.WATER_HOLE','落水孔',NULL,NULL,NULL,NULL,NULL,NULL,NULL,NULL,117,'2016-09-01 13:08:47','2016-09-01 13:08:47',0),(913,'PROJECT.TASK.BENCHMARK.RESONATOR.MOUNTING_POINT','谐振器安装点','数量 3, 螺栓, 螺母, 支架',NULL,NULL,NULL,NULL,NULL,NULL,NULL,117,'2016-09-01 13:08:47','2016-09-01 13:08:47',0),(914,'PROJECT.TASK.BENCHMARK.RESONATOR.GAP_SURROUNDING','谐振器周边零件间隙','',0,NULL,NULL,NULL,NULL,NULL,NULL,117,'2016-09-01 13:08:47','2016-09-01 13:08:47',0),(915,'PROJECT.TASK.BENCHMARK.AIR_FILTER.MASS','零件重量',NULL,0,NULL,NULL,NULL,NULL,NULL,NULL,118,'2016-09-01 13:08:47','2016-09-01 13:08:47',0),(916,'PROJECT.TASK.BENCHMARK.AIR_FILTER.VOLUMN','零件容积',NULL,0,NULL,NULL,NULL,NULL,NULL,NULL,118,'2016-09-01 13:08:47','2016-09-01 13:08:47',0),(917,'PROJECT.TASK.BENCHMARK.AIR_FILTER.WALLTHICKNESS','零件壁厚',NULL,0,NULL,NULL,NULL,NULL,NULL,NULL,118,'2016-09-01 13:08:47','2016-09-01 13:08:47',0),(918,'PROJECT.TASK.BENCHMARK.AIR_FILTER.MATERIAL','零件材质',NULL,NULL,NULL,NULL,NULL,NULL,NULL,NULL,118,'2016-09-01 13:08:47','2016-09-01 13:08:47',0),(919,'PROJECT.TASK.BENCHMARK.AIR_FILTER.CRAFTS','工艺',NULL,NULL,NULL,NULL,NULL,NULL,NULL,NULL,118,'2016-09-01 13:08:47','2016-09-01 13:08:47',0),(920,'PROJECT.TASK.BENCHMARK.AIR_FILTER.DIMENSIONL','零件尺寸（长）',NULL,0,NULL,NULL,NULL,NULL,NULL,NULL,118,'2016-09-01 13:08:47','2016-09-01 13:08:47',0),(921,'PROJECT.TASK.BENCHMARK.AIR_FILTER.DIMENSIONW','零件尺寸（宽）',NULL,0,NULL,NULL,NULL,NULL,NULL,NULL,118,'2016-09-01 13:08:47','2016-09-01 13:08:47',0),(922,'PROJECT.TASK.BENCHMARK.AIR_FILTER.DIMENSIONH','零件尺寸（高）',NULL,0,NULL,NULL,NULL,NULL,NULL,NULL,118,'2016-09-01 13:08:47','2016-09-01 13:08:47',0),(923,'PROJECT.TASK.BENCHMARK.AIR_FILTER.FILTER','滤芯',NULL,0,NULL,NULL,NULL,NULL,NULL,NULL,118,'2016-09-01 13:08:47','2016-09-01 13:08:47',0),(924,'PROJECT.TASK.BENCHMARK.AIR_FILTER.WATER_HOLE','落水孔',NULL,NULL,NULL,NULL,NULL,NULL,NULL,NULL,118,'2016-09-01 13:08:47','2016-09-01 13:08:47',0),(925,'PROJECT.TASK.BENCHMARK.AIR_FILTER.HIGH_FREQUENCY_RESONATOR','高频谐振器',NULL,NULL,NULL,NULL,NULL,NULL,NULL,NULL,118,'2016-09-01 13:08:47','2016-09-01 13:08:47',0),(926,'PROJECT.TASK.BENCHMARK.AIR_FILTER.SENSORSFORM','传感器形式',NULL,NULL,NULL,NULL,NULL,NULL,NULL,NULL,118,'2016-09-01 13:08:47','2016-09-01 13:08:47',0),(927,'PROJECT.TASK.BENCHMARK.AIR_FILTER.MOUNTING_POINT','空滤安装点','数量 3, 螺栓, 螺母, 支架',NULL,NULL,NULL,NULL,NULL,NULL,NULL,118,'2016-09-01 13:08:47','2016-09-01 13:08:47',0),(928,'PROJECT.TASK.BENCHMARK.AIR_FILTER.GAP_SURROUNDING','空滤周边零件间隙','',0,NULL,NULL,NULL,NULL,NULL,NULL,118,'2016-09-01 13:08:47','2016-09-01 13:08:47',0),(929,'PROJECT.TASK.BENCHMARK.OUTTAKE_PIPE.MASS','零件重量',NULL,0,NULL,NULL,NULL,NULL,NULL,NULL,119,'2016-09-01 13:08:47','2016-09-01 13:08:47',0),(930,'PROJECT.TASK.BENCHMARK.OUTTAKE_PIPE.MATERIAL','零件材质',NULL,NULL,NULL,NULL,NULL,NULL,NULL,NULL,119,'2016-09-01 13:08:47','2016-09-01 13:08:47',0),(931,'PROJECT.TASK.BENCHMARK.OUTTAKE_PIPE.CRAFTS','工艺',NULL,NULL,NULL,NULL,NULL,NULL,NULL,NULL,119,'2016-09-01 13:08:47','2016-09-01 13:08:47',0),(932,'PROJECT.TASK.BENCHMARK.OUTTAKE_PIPE.WALLTHICKNESS','零件壁厚',NULL,0,NULL,NULL,NULL,NULL,NULL,NULL,119,'2016-09-01 13:08:47','2016-09-01 13:08:47',0),(933,'PROJECT.TASK.BENCHMARK.OUTTAKE_PIPE.VOLUMN','零件容积',NULL,0,NULL,NULL,NULL,NULL,NULL,NULL,119,'2016-09-01 13:08:47','2016-09-01 13:08:47',0),(934,'PROJECT.TASK.BENCHMARK.OUTTAKE_PIPE.DIMENSIONL','零件尺寸（长）',NULL,0,NULL,NULL,NULL,NULL,NULL,NULL,119,'2016-09-01 13:08:47','2016-09-01 13:08:47',0),(935,'PROJECT.TASK.BENCHMARK.OUTTAKE_PIPE.DIMENSIONW','零件尺寸（宽）',NULL,0,NULL,NULL,NULL,NULL,NULL,NULL,119,'2016-09-01 13:08:47','2016-09-01 13:08:47',0),(936,'PROJECT.TASK.BENCHMARK.OUTTAKE_PIPE.DIMENSIONH','零件尺寸（高）',NULL,0,NULL,NULL,NULL,NULL,NULL,NULL,119,'2016-09-01 13:08:47','2016-09-01 13:08:47',0),(937,'PROJECT.TASK.BENCHMARK.OUTTAKE_PIPE.HIGH_FREQUENCY_RESONATOR','高频谐振器',NULL,NULL,NULL,NULL,NULL,NULL,NULL,NULL,119,'2016-09-01 13:08:47','2016-09-01 13:08:47',0),(938,'PROJECT.TASK.BENCHMARK.OUTTAKE_PIPE.CLAMPS_NUM','卡箍(数量)',NULL,0,NULL,NULL,NULL,NULL,NULL,NULL,119,'2016-09-01 13:08:47','2016-09-01 13:08:47',0),(939,'PROJECT.TASK.BENCHMARK.OUTTAKE_PIPE.CLAMPSW','卡箍(宽度mm)',NULL,0,NULL,NULL,NULL,NULL,NULL,NULL,119,'2016-09-01 13:08:47','2016-09-01 13:08:47',0),(940,'PROJECT.TASK.BENCHMARK.OUTTAKE_PIPE.CLAMPS_WALLTHICKNESS','卡箍(壁厚mm)',NULL,0,NULL,NULL,NULL,NULL,NULL,NULL,119,'2016-09-01 13:08:47','2016-09-01 13:08:47',0),(941,'PROJECT.TASK.BENCHMARK.OUTTAKE_PIPE.OUTLET_PIPE_SIZE','出气管尺寸',NULL,0,NULL,NULL,NULL,NULL,NULL,NULL,119,'2016-09-01 13:08:47','2016-09-01 13:08:47',0),(942,'PROJECT.TASK.BENCHMARK.OUTTAKE_PIPE.THROTTLE_SIZE','节气门尺寸',NULL,0,NULL,NULL,NULL,NULL,NULL,NULL,119,'2016-09-01 13:08:47','2016-09-01 13:08:47',0),(943,'PROJECT.TASK.BENCHMARK.OUTTAKE_PIPE.PCV_BOX_VOLUMN','PCV Box体积',NULL,0,NULL,NULL,NULL,NULL,NULL,NULL,119,'2016-09-01 13:08:47','2016-09-01 13:08:47',0),(944,'PROJECT.TASK.BENCHMARK.OUTTAKE_PIPE.PCV_MAF_DIS','PCV与MAF之间距离',NULL,0,NULL,NULL,NULL,NULL,NULL,NULL,119,'2016-09-01 13:08:47','2016-09-01 13:08:47',0),(945,'PROJECT.TASK.BENCHMARK.OUTTAKE_PIPE.GAP_SURROUNDING','出气管周边零件间隙','',0,NULL,NULL,NULL,NULL,NULL,NULL,119,'2016-09-01 13:08:47','2016-09-01 13:08:47',0),(946,'PROJECT.TASK.BENCHMARK.PERFORMANCE.BP','压力降',NULL,0,NULL,NULL,NULL,NULL,NULL,NULL,120,'2016-09-01 13:08:47','2016-09-01 13:08:47',0),(947,'PROJECT.TASK.BENCHMARK.PERFORMANCE.SYSTEM_MODAL','系统模态',NULL,0,NULL,NULL,NULL,NULL,NULL,NULL,120,'2016-09-01 13:08:47','2016-09-01 13:08:47',0),(948,'PROJECT.TASK.BENCHMARK.PERFORMANCE.INTAKE_NOISE','进气口噪音','',NULL,NULL,NULL,NULL,NULL,NULL,NULL,120,'2016-09-01 13:08:47','2016-09-01 13:08:47',0),(949,'PROJECT.TASK.BENCHMARK.PERFORMANCE.RADIATION_NOISE','辐射噪音','',NULL,NULL,NULL,NULL,NULL,NULL,NULL,120,'2016-09-01 13:08:47','2016-09-01 13:08:47',0),(950,'PROJECT.TASK.BENCHMARK.PERFORMANCE.FILTRATION_EFFICIENCY','过滤效率',NULL,0,NULL,NULL,NULL,NULL,NULL,NULL,120,'2016-09-01 13:08:47','2016-09-01 13:08:47',0),(951,'PROJECT.TASK.BENCHMARK.PERFORMANCE.DUST_HOLDING_CAPACITY','容尘量',NULL,0,NULL,NULL,NULL,NULL,NULL,NULL,120,'2016-09-01 13:08:47','2016-09-01 13:08:47',0),(952,'PROJECT.TASK.BENCHMARK.PERFORMANCE.FILTER_LEAKAGE','滤芯泄漏量',NULL,0,NULL,NULL,NULL,NULL,NULL,NULL,120,'2016-09-01 13:08:47','2016-09-01 13:08:47',0),(953,'PROJECT.TASK.BENCHMARK.PERFORMANCE.CUSHION_DYNAMIC_STIFFNESS','减震垫动刚度','',NULL,NULL,NULL,NULL,NULL,NULL,NULL,120,'2016-09-01 13:08:47','2016-09-01 13:08:47',0),(954,'PROJECT.TASK.BENCHMARK.PERFORMANCE.FULCRUM_DYNAMIC_STIFFNESS','支点动刚度','',NULL,NULL,NULL,NULL,NULL,NULL,NULL,120,'2016-09-01 13:08:47','2016-09-01 13:08:47',0),(955,'PROJECT.TASK.BENCHMARK.PERFORMANCE.PULLING_FORCE','拉拔力',NULL,0,NULL,NULL,NULL,NULL,NULL,NULL,120,'2016-09-01 13:08:47','2016-09-01 13:08:47',0),(956,'PROJECT.TASK.BENCHMARK.PERFORMANCE.TRANSMISSION_LOSS','传递损失','',NULL,NULL,NULL,NULL,NULL,NULL,NULL,120,'2016-09-01 13:08:47','2016-09-01 13:08:47',0),(957,'PROJECT.TASK.BENCHMARK.PERFORMANCE.INSERTION_LOSS','插入损失','',NULL,NULL,NULL,NULL,NULL,NULL,NULL,120,'2016-09-01 13:08:47','2016-09-01 13:08:47',0),(958,'PROJECT.TASK.BENCHMARK.VIHICLE.BRAND','品牌',NULL,NULL,NULL,NULL,NULL,NULL,NULL,NULL,121,'2016-09-02 02:49:40','2016-09-02 02:49:40',0),(959,'PROJECT.TASK.BENCHMARK.VIHICLE.STYLE','车型',NULL,NULL,NULL,NULL,NULL,NULL,NULL,NULL,121,'2016-09-02 02:49:40','2016-09-02 02:49:40',0),(960,'PROJECT.TASK.BENCHMARK.VIHICLE.YEAR','配置型号（车型年）',NULL,NULL,NULL,NULL,NULL,NULL,NULL,NULL,121,'2016-09-02 02:49:40','2016-09-02 02:49:40',0),(961,'PROJECT.TASK.BENCHMARK.VIHICLE.PRICE','官方指导价',NULL,100,NULL,NULL,NULL,NULL,NULL,NULL,121,'2016-09-02 02:49:40','2016-09-02 02:49:40',0),(962,'PROJECT.TASK.BENCHMARK.VIHICLE.BODYFORM','车体形式',NULL,NULL,NULL,NULL,NULL,NULL,NULL,NULL,121,'2016-09-02 02:49:40','2016-09-02 02:49:40',0),(963,'PROJECT.TASK.BENCHMARK.VIHICLE.STYLELEVEL','车型级别',NULL,NULL,NULL,NULL,NULL,NULL,NULL,NULL,121,'2016-09-02 02:49:40','2016-09-02 02:49:40',0),(964,'PROJECT.TASK.BENCHMARK.VIHICLE.ENGINE_EMISSION','发动机排量',NULL,0,NULL,NULL,NULL,NULL,NULL,NULL,121,'2016-09-02 02:49:40','2016-09-02 02:49:40',0),(965,'PROJECT.TASK.BENCHMARK.VIHICLE.INTAKE_FORM','进气形式',NULL,NULL,NULL,NULL,NULL,NULL,NULL,NULL,121,'2016-09-02 02:49:40','2016-09-02 02:49:40',0),(966,'PROJECT.TASK.BENCHMARK.VIHICLE.CYLINDER_ARRANGEMENT_FORM','气缸排列形式',NULL,NULL,NULL,NULL,NULL,NULL,NULL,NULL,121,'2016-09-02 02:49:40','2016-09-02 02:49:40',0),(967,'PROJECT.TASK.BENCHMARK.VIHICLE.CYLINDER_NUM','气缸数',NULL,NULL,NULL,NULL,NULL,NULL,NULL,NULL,121,'2016-09-02 02:49:40','2016-09-02 02:49:40',0),(968,'PROJECT.TASK.BENCHMARK.VIHICLE.MAX_HOUSE_POWER','最大马力（Ps）',NULL,0,NULL,NULL,NULL,NULL,NULL,NULL,121,'2016-09-02 02:49:40','2016-09-02 02:49:40',0),(969,'PROJECT.TASK.BENCHMARK.VIHICLE.MAX_POWER','最大功率（KW）',NULL,0,NULL,NULL,NULL,NULL,NULL,NULL,121,'2016-09-02 02:49:40','2016-09-02 02:49:40',0),(970,'PROJECT.TASK.BENCHMARK.VIHICLE.MAX_POWER_SPEED','最大功率转速（rpm）',NULL,0,NULL,NULL,NULL,NULL,NULL,NULL,121,'2016-09-02 02:49:40','2016-09-02 02:49:40',0),(971,'PROJECT.TASK.BENCHMARK.VIHICLE.MAX_TORQUE','最大扭矩（N.m）',NULL,0,NULL,NULL,NULL,NULL,NULL,NULL,121,'2016-09-02 02:49:40','2016-09-02 02:49:40',0),(972,'PROJECT.TASK.BENCHMARK.VIHICLE.MAX_TORQUE_SPEED','最大扭矩转速（rpm）',NULL,0,NULL,NULL,NULL,NULL,NULL,NULL,121,'2016-09-02 02:49:40','2016-09-02 02:49:40',0),(973,'PROJECT.TASK.BENCHMARK.VIHICLE.DISASSEMBLE_TIME','拆解时间',NULL,NULL,NULL,NULL,NULL,NULL,NULL,NULL,121,'2016-09-02 02:49:40','2016-09-02 02:49:40',0),(974,'PROJECT.TASK.BENCHMARK.VIHICLE.SGM_TYPE','与SGM对标车型',NULL,NULL,NULL,NULL,NULL,NULL,NULL,NULL,121,'2016-09-02 02:49:40','2016-09-02 02:49:40',0),(975,'PROJECT.TASK.BENCHMARK.VIHICLE.VEHICLE_MODULUS_NUM','整车数模号','整车数模号',NULL,NULL,NULL,NULL,NULL,NULL,NULL,121,'2016-09-02 02:49:40','2016-09-02 02:49:40',0),(976,'PROJECT.TASK.BENCHMARK.VIHICLE.INTAKE_SYSTEM_MODULUS_NUM','进气系统数模号','AHE28708',NULL,NULL,NULL,NULL,NULL,NULL,NULL,121,'2016-09-02 02:49:40','2016-09-02 02:49:40',0),(977,'PROJECT.TASK.BENCHMARK.VIHICLE.SUPPLIER','供应商','上海美嘉',NULL,NULL,NULL,NULL,NULL,NULL,NULL,121,'2016-09-02 02:49:40','2016-09-02 02:49:40',0),(978,'PROJECT.TASK.BENCHMARK.VIHICLE.ADVANTAGE','设计亮点','位于tie bar 上方，较好的涉水性能',NULL,NULL,NULL,NULL,NULL,NULL,NULL,121,'2016-09-02 02:49:40','2016-09-02 02:49:40',0),(979,'PROJECT.TASK.BENCHMARK.INTAKE_PIPE.MASS','零件重量',NULL,0,NULL,NULL,NULL,NULL,NULL,NULL,122,'2016-09-02 02:49:40','2016-09-02 02:49:40',0),(980,'PROJECT.TASK.BENCHMARK.INTAKE_PIPE.VOLUMN','零件容积',NULL,0,NULL,NULL,NULL,NULL,NULL,NULL,122,'2016-09-02 02:49:40','2016-09-02 02:49:40',0),(981,'PROJECT.TASK.BENCHMARK.INTAKE_PIPE.WALLTHICKNESS','零件壁厚',NULL,0,NULL,NULL,NULL,NULL,NULL,NULL,122,'2016-09-02 02:49:40','2016-09-02 02:49:40',0),(982,'PROJECT.TASK.BENCHMARK.INTAKE_PIPE.DIMENSIONL','零件尺寸（长）',NULL,0,NULL,NULL,NULL,NULL,NULL,NULL,122,'2016-09-02 02:49:40','2016-09-02 02:49:40',0),(983,'PROJECT.TASK.BENCHMARK.INTAKE_PIPE.DIMENSIONW','零件尺寸（宽）',NULL,0,NULL,NULL,NULL,NULL,NULL,NULL,122,'2016-09-02 02:49:40','2016-09-02 02:49:40',0),(984,'PROJECT.TASK.BENCHMARK.INTAKE_PIPE.DIMENSIONH','零件尺寸（高）',NULL,0,NULL,NULL,NULL,NULL,NULL,NULL,122,'2016-09-02 02:49:40','2016-09-02 02:49:40',0),(985,'PROJECT.TASK.BENCHMARK.INTAKE_PIPE.MATERIAL','零件材质',NULL,NULL,NULL,NULL,NULL,NULL,NULL,NULL,122,'2016-09-02 02:49:40','2016-09-02 02:49:40',0),(986,'PROJECT.TASK.BENCHMARK.INTAKE_PIPE.INTAKE_PORT_POS','进气口位置','tie bar之上',NULL,NULL,NULL,NULL,NULL,NULL,NULL,122,'2016-09-02 02:49:40','2016-09-02 02:49:40',0),(987,'PROJECT.TASK.BENCHMARK.INTAKE_PIPE.INTAKE_PORT_AREA','进气口面积',NULL,0,NULL,NULL,NULL,NULL,NULL,NULL,122,'2016-09-02 02:49:40','2016-09-02 02:49:40',0),(988,'PROJECT.TASK.BENCHMARK.INTAKE_PIPE.CRAFTS','工艺',NULL,NULL,NULL,NULL,NULL,NULL,NULL,NULL,122,'2016-09-02 02:49:40','2016-09-02 02:49:40',0),(989,'PROJECT.TASK.BENCHMARK.INTAKE_PIPE.WATER_PROOF','防水措施','防水零件:',NULL,NULL,NULL,NULL,NULL,NULL,NULL,122,'2016-09-02 02:49:40','2016-09-02 02:49:40',0),(990,'PROJECT.TASK.BENCHMARK.INTAKE_PIPE.THERMAL','thermal措施','通过何种方式隔绝前舱热空气：',NULL,NULL,NULL,NULL,NULL,NULL,NULL,122,'2016-09-02 02:49:40','2016-09-02 02:49:40',0),(991,'PROJECT.TASK.BENCHMARK.INTAKE_PIPE.MOUNTING_POINT','谐振器安装点','数量 3, 螺栓, 螺母, 支架',NULL,NULL,NULL,NULL,NULL,NULL,NULL,122,'2016-09-02 02:49:40','2016-09-02 02:49:40',0),(992,'PROJECT.TASK.BENCHMARK.INTAKE_PIPE.GAP_SURROUNDING','进气管周边零件间隙','',0,NULL,NULL,NULL,NULL,NULL,NULL,122,'2016-09-02 02:49:40','2016-09-02 02:49:40',0),(993,'PROJECT.TASK.BENCHMARK.RESONATOR.MASS','零件重量',NULL,0,NULL,NULL,NULL,NULL,NULL,NULL,123,'2016-09-02 02:49:40','2016-09-02 02:49:40',0),(994,'PROJECT.TASK.BENCHMARK.RESONATOR.VOLUMN','零件容积',NULL,0,NULL,NULL,NULL,NULL,NULL,NULL,123,'2016-09-02 02:49:40','2016-09-02 02:49:40',0),(995,'PROJECT.TASK.BENCHMARK.RESONATOR.WALLTHICKNESS','零件壁厚',NULL,0,NULL,NULL,NULL,NULL,NULL,NULL,123,'2016-09-02 02:49:40','2016-09-02 02:49:40',0),(996,'PROJECT.TASK.BENCHMARK.RESONATOR.MATERIAL','零件材质',NULL,NULL,NULL,NULL,NULL,NULL,NULL,NULL,123,'2016-09-02 02:49:40','2016-09-02 02:49:40',0),(997,'PROJECT.TASK.BENCHMARK.RESONATOR.CRAFTS','工艺',NULL,NULL,NULL,NULL,NULL,NULL,NULL,NULL,123,'2016-09-02 02:49:40','2016-09-02 02:49:40',0),(998,'PROJECT.TASK.BENCHMARK.RESONATOR.WATER_HOLE','落水孔',NULL,NULL,NULL,NULL,NULL,NULL,NULL,NULL,123,'2016-09-02 02:49:40','2016-09-02 02:49:40',0),(999,'PROJECT.TASK.BENCHMARK.RESONATOR.MOUNTING_POINT','谐振器安装点','数量 3, 螺栓, 螺母, 支架',NULL,NULL,NULL,NULL,NULL,NULL,NULL,123,'2016-09-02 02:49:40','2016-09-02 02:49:40',0),(1000,'PROJECT.TASK.BENCHMARK.RESONATOR.GAP_SURROUNDING','谐振器周边零件间隙','',0,NULL,NULL,NULL,NULL,NULL,NULL,123,'2016-09-02 02:49:40','2016-09-02 02:49:40',0),(1001,'PROJECT.TASK.BENCHMARK.AIR_FILTER.MASS','零件重量',NULL,0,NULL,NULL,NULL,NULL,NULL,NULL,124,'2016-09-02 02:49:40','2016-09-02 02:49:40',0),(1002,'PROJECT.TASK.BENCHMARK.AIR_FILTER.VOLUMN','零件容积',NULL,0,NULL,NULL,NULL,NULL,NULL,NULL,124,'2016-09-02 02:49:40','2016-09-02 02:49:40',0),(1003,'PROJECT.TASK.BENCHMARK.AIR_FILTER.WALLTHICKNESS','零件壁厚',NULL,0,NULL,NULL,NULL,NULL,NULL,NULL,124,'2016-09-02 02:49:40','2016-09-02 02:49:40',0),(1004,'PROJECT.TASK.BENCHMARK.AIR_FILTER.MATERIAL','零件材质',NULL,NULL,NULL,NULL,NULL,NULL,NULL,NULL,124,'2016-09-02 02:49:40','2016-09-02 02:49:40',0),(1005,'PROJECT.TASK.BENCHMARK.AIR_FILTER.CRAFTS','工艺',NULL,NULL,NULL,NULL,NULL,NULL,NULL,NULL,124,'2016-09-02 02:49:40','2016-09-02 02:49:40',0),(1006,'PROJECT.TASK.BENCHMARK.AIR_FILTER.DIMENSIONL','零件尺寸（长）',NULL,0,NULL,NULL,NULL,NULL,NULL,NULL,124,'2016-09-02 02:49:40','2016-09-02 02:49:40',0),(1007,'PROJECT.TASK.BENCHMARK.AIR_FILTER.DIMENSIONW','零件尺寸（宽）',NULL,0,NULL,NULL,NULL,NULL,NULL,NULL,124,'2016-09-02 02:49:40','2016-09-02 02:49:40',0),(1008,'PROJECT.TASK.BENCHMARK.AIR_FILTER.DIMENSIONH','零件尺寸（高）',NULL,0,NULL,NULL,NULL,NULL,NULL,NULL,124,'2016-09-02 02:49:40','2016-09-02 02:49:40',0),(1009,'PROJECT.TASK.BENCHMARK.AIR_FILTER.FILTER','滤芯',NULL,0,NULL,NULL,NULL,NULL,NULL,NULL,124,'2016-09-02 02:49:40','2016-09-02 02:49:40',0),(1010,'PROJECT.TASK.BENCHMARK.AIR_FILTER.WATER_HOLE','落水孔',NULL,NULL,NULL,NULL,NULL,NULL,NULL,NULL,124,'2016-09-02 02:49:40','2016-09-02 02:49:40',0),(1011,'PROJECT.TASK.BENCHMARK.AIR_FILTER.HIGH_FREQUENCY_RESONATOR','高频谐振器',NULL,NULL,NULL,NULL,NULL,NULL,NULL,NULL,124,'2016-09-02 02:49:40','2016-09-02 02:49:40',0),(1012,'PROJECT.TASK.BENCHMARK.AIR_FILTER.SENSORSFORM','传感器形式',NULL,NULL,NULL,NULL,NULL,NULL,NULL,NULL,124,'2016-09-02 02:49:40','2016-09-02 02:49:40',0),(1013,'PROJECT.TASK.BENCHMARK.AIR_FILTER.MOUNTING_POINT','空滤安装点','数量 3, 螺栓, 螺母, 支架',NULL,NULL,NULL,NULL,NULL,NULL,NULL,124,'2016-09-02 02:49:40','2016-09-02 02:49:40',0),(1014,'PROJECT.TASK.BENCHMARK.AIR_FILTER.GAP_SURROUNDING','空滤周边零件间隙','',0,NULL,NULL,NULL,NULL,NULL,NULL,124,'2016-09-02 02:49:40','2016-09-02 02:49:40',0),(1015,'PROJECT.TASK.BENCHMARK.OUTTAKE_PIPE.MASS','零件重量',NULL,0,NULL,NULL,NULL,NULL,NULL,NULL,125,'2016-09-02 02:49:40','2016-09-02 02:49:40',0),(1016,'PROJECT.TASK.BENCHMARK.OUTTAKE_PIPE.MATERIAL','零件材质',NULL,NULL,NULL,NULL,NULL,NULL,NULL,NULL,125,'2016-09-02 02:49:40','2016-09-02 02:49:40',0),(1017,'PROJECT.TASK.BENCHMARK.OUTTAKE_PIPE.CRAFTS','工艺',NULL,NULL,NULL,NULL,NULL,NULL,NULL,NULL,125,'2016-09-02 02:49:40','2016-09-02 02:49:40',0),(1018,'PROJECT.TASK.BENCHMARK.OUTTAKE_PIPE.WALLTHICKNESS','零件壁厚',NULL,0,NULL,NULL,NULL,NULL,NULL,NULL,125,'2016-09-02 02:49:40','2016-09-02 02:49:40',0),(1019,'PROJECT.TASK.BENCHMARK.OUTTAKE_PIPE.VOLUMN','零件容积',NULL,0,NULL,NULL,NULL,NULL,NULL,NULL,125,'2016-09-02 02:49:40','2016-09-02 02:49:40',0),(1020,'PROJECT.TASK.BENCHMARK.OUTTAKE_PIPE.DIMENSIONL','零件尺寸（长）',NULL,0,NULL,NULL,NULL,NULL,NULL,NULL,125,'2016-09-02 02:49:40','2016-09-02 02:49:40',0),(1021,'PROJECT.TASK.BENCHMARK.OUTTAKE_PIPE.DIMENSIONW','零件尺寸（宽）',NULL,0,NULL,NULL,NULL,NULL,NULL,NULL,125,'2016-09-02 02:49:40','2016-09-02 02:49:40',0),(1022,'PROJECT.TASK.BENCHMARK.OUTTAKE_PIPE.DIMENSIONH','零件尺寸（高）',NULL,0,NULL,NULL,NULL,NULL,NULL,NULL,125,'2016-09-02 02:49:40','2016-09-02 02:49:40',0),(1023,'PROJECT.TASK.BENCHMARK.OUTTAKE_PIPE.HIGH_FREQUENCY_RESONATOR','高频谐振器',NULL,NULL,NULL,NULL,NULL,NULL,NULL,NULL,125,'2016-09-02 02:49:40','2016-09-02 02:49:40',0),(1024,'PROJECT.TASK.BENCHMARK.OUTTAKE_PIPE.CLAMPS_NUM','卡箍(数量)',NULL,0,NULL,NULL,NULL,NULL,NULL,NULL,125,'2016-09-02 02:49:40','2016-09-02 02:49:40',0),(1025,'PROJECT.TASK.BENCHMARK.OUTTAKE_PIPE.CLAMPSW','卡箍(宽度mm)',NULL,0,NULL,NULL,NULL,NULL,NULL,NULL,125,'2016-09-02 02:49:40','2016-09-02 02:49:40',0),(1026,'PROJECT.TASK.BENCHMARK.OUTTAKE_PIPE.CLAMPS_WALLTHICKNESS','卡箍(壁厚mm)',NULL,0,NULL,NULL,NULL,NULL,NULL,NULL,125,'2016-09-02 02:49:40','2016-09-02 02:49:40',0),(1027,'PROJECT.TASK.BENCHMARK.OUTTAKE_PIPE.OUTLET_PIPE_SIZE','出气管尺寸',NULL,0,NULL,NULL,NULL,NULL,NULL,NULL,125,'2016-09-02 02:49:40','2016-09-02 02:49:40',0),(1028,'PROJECT.TASK.BENCHMARK.OUTTAKE_PIPE.THROTTLE_SIZE','节气门尺寸',NULL,0,NULL,NULL,NULL,NULL,NULL,NULL,125,'2016-09-02 02:49:40','2016-09-02 02:49:40',0),(1029,'PROJECT.TASK.BENCHMARK.OUTTAKE_PIPE.PCV_BOX_VOLUMN','PCV Box体积',NULL,0,NULL,NULL,NULL,NULL,NULL,NULL,125,'2016-09-02 02:49:40','2016-09-02 02:49:40',0),(1030,'PROJECT.TASK.BENCHMARK.OUTTAKE_PIPE.PCV_MAF_DIS','PCV与MAF之间距离',NULL,0,NULL,NULL,NULL,NULL,NULL,NULL,125,'2016-09-02 02:49:40','2016-09-02 02:49:40',0),(1031,'PROJECT.TASK.BENCHMARK.OUTTAKE_PIPE.GAP_SURROUNDING','出气管周边零件间隙','',0,NULL,NULL,NULL,NULL,NULL,NULL,125,'2016-09-02 02:49:40','2016-09-02 02:49:40',0),(1032,'PROJECT.TASK.BENCHMARK.PERFORMANCE.BP','压力降',NULL,0,NULL,NULL,NULL,NULL,NULL,NULL,126,'2016-09-02 02:49:40','2016-09-02 02:49:40',0),(1033,'PROJECT.TASK.BENCHMARK.PERFORMANCE.SYSTEM_MODAL','系统模态',NULL,0,NULL,NULL,NULL,NULL,NULL,NULL,126,'2016-09-02 02:49:40','2016-09-02 02:49:40',0),(1034,'PROJECT.TASK.BENCHMARK.PERFORMANCE.INTAKE_NOISE','进气口噪音','',NULL,NULL,NULL,NULL,NULL,NULL,NULL,126,'2016-09-02 02:49:40','2016-09-02 02:49:40',0),(1035,'PROJECT.TASK.BENCHMARK.PERFORMANCE.RADIATION_NOISE','辐射噪音','',NULL,NULL,NULL,NULL,NULL,NULL,NULL,126,'2016-09-02 02:49:40','2016-09-02 02:49:40',0),(1036,'PROJECT.TASK.BENCHMARK.PERFORMANCE.FILTRATION_EFFICIENCY','过滤效率',NULL,0,NULL,NULL,NULL,NULL,NULL,NULL,126,'2016-09-02 02:49:40','2016-09-02 02:49:40',0),(1037,'PROJECT.TASK.BENCHMARK.PERFORMANCE.DUST_HOLDING_CAPACITY','容尘量',NULL,0,NULL,NULL,NULL,NULL,NULL,NULL,126,'2016-09-02 02:49:40','2016-09-02 02:49:40',0),(1038,'PROJECT.TASK.BENCHMARK.PERFORMANCE.FILTER_LEAKAGE','滤芯泄漏量',NULL,0,NULL,NULL,NULL,NULL,NULL,NULL,126,'2016-09-02 02:49:40','2016-09-02 02:49:40',0),(1039,'PROJECT.TASK.BENCHMARK.PERFORMANCE.CUSHION_DYNAMIC_STIFFNESS','减震垫动刚度','',NULL,NULL,NULL,NULL,NULL,NULL,NULL,126,'2016-09-02 02:49:40','2016-09-02 02:49:40',0),(1040,'PROJECT.TASK.BENCHMARK.PERFORMANCE.FULCRUM_DYNAMIC_STIFFNESS','支点动刚度','',NULL,NULL,NULL,NULL,NULL,NULL,NULL,126,'2016-09-02 02:49:40','2016-09-02 02:49:40',0),(1041,'PROJECT.TASK.BENCHMARK.PERFORMANCE.PULLING_FORCE','拉拔力',NULL,0,NULL,NULL,NULL,NULL,NULL,NULL,126,'2016-09-02 02:49:40','2016-09-02 02:49:40',0),(1042,'PROJECT.TASK.BENCHMARK.PERFORMANCE.TRANSMISSION_LOSS','传递损失','',NULL,NULL,NULL,NULL,NULL,NULL,NULL,126,'2016-09-02 02:49:40','2016-09-02 02:49:40',0),(1043,'PROJECT.TASK.BENCHMARK.PERFORMANCE.INSERTION_LOSS','插入损失','',NULL,NULL,NULL,NULL,NULL,NULL,NULL,126,'2016-09-02 02:49:40','2016-09-02 02:49:40',0),(1044,'PROJECT.TASK.BENCHMARK.VIHICLE.BRAND','品牌',NULL,NULL,NULL,NULL,NULL,NULL,NULL,NULL,127,'2016-09-02 02:57:31','2016-09-02 02:57:31',0),(1045,'PROJECT.TASK.BENCHMARK.VIHICLE.STYLE','车型',NULL,NULL,NULL,NULL,NULL,NULL,NULL,NULL,127,'2016-09-02 02:57:31','2016-09-02 02:57:31',0),(1046,'PROJECT.TASK.BENCHMARK.VIHICLE.YEAR','配置型号（车型年）',NULL,NULL,NULL,NULL,NULL,NULL,NULL,NULL,127,'2016-09-02 02:57:31','2016-09-02 02:57:31',0),(1047,'PROJECT.TASK.BENCHMARK.VIHICLE.PRICE','官方指导价',NULL,100,NULL,NULL,NULL,NULL,NULL,NULL,127,'2016-09-02 02:57:31','2016-09-02 02:57:31',0),(1048,'PROJECT.TASK.BENCHMARK.VIHICLE.BODYFORM','车体形式',NULL,NULL,NULL,NULL,NULL,NULL,NULL,NULL,127,'2016-09-02 02:57:31','2016-09-02 02:57:31',0),(1049,'PROJECT.TASK.BENCHMARK.VIHICLE.STYLELEVEL','车型级别',NULL,NULL,NULL,NULL,NULL,NULL,NULL,NULL,127,'2016-09-02 02:57:31','2016-09-02 02:57:31',0),(1050,'PROJECT.TASK.BENCHMARK.VIHICLE.ENGINE_EMISSION','发动机排量',NULL,0,NULL,NULL,NULL,NULL,NULL,NULL,127,'2016-09-02 02:57:31','2016-09-02 02:57:31',0),(1051,'PROJECT.TASK.BENCHMARK.VIHICLE.INTAKE_FORM','进气形式',NULL,NULL,NULL,NULL,NULL,NULL,NULL,NULL,127,'2016-09-02 02:57:31','2016-09-02 02:57:31',0),(1052,'PROJECT.TASK.BENCHMARK.VIHICLE.CYLINDER_ARRANGEMENT_FORM','气缸排列形式',NULL,NULL,NULL,NULL,NULL,NULL,NULL,NULL,127,'2016-09-02 02:57:31','2016-09-02 02:57:31',0),(1053,'PROJECT.TASK.BENCHMARK.VIHICLE.CYLINDER_NUM','气缸数',NULL,NULL,NULL,NULL,NULL,NULL,NULL,NULL,127,'2016-09-02 02:57:31','2016-09-02 02:57:31',0),(1054,'PROJECT.TASK.BENCHMARK.VIHICLE.MAX_HOUSE_POWER','最大马力（Ps）',NULL,0,NULL,NULL,NULL,NULL,NULL,NULL,127,'2016-09-02 02:57:31','2016-09-02 02:57:31',0),(1055,'PROJECT.TASK.BENCHMARK.VIHICLE.MAX_POWER','最大功率（KW）',NULL,0,NULL,NULL,NULL,NULL,NULL,NULL,127,'2016-09-02 02:57:31','2016-09-02 02:57:31',0),(1056,'PROJECT.TASK.BENCHMARK.VIHICLE.MAX_POWER_SPEED','最大功率转速（rpm）',NULL,0,NULL,NULL,NULL,NULL,NULL,NULL,127,'2016-09-02 02:57:31','2016-09-02 02:57:31',0),(1057,'PROJECT.TASK.BENCHMARK.VIHICLE.MAX_TORQUE','最大扭矩（N.m）',NULL,0,NULL,NULL,NULL,NULL,NULL,NULL,127,'2016-09-02 02:57:31','2016-09-02 02:57:31',0),(1058,'PROJECT.TASK.BENCHMARK.VIHICLE.MAX_TORQUE_SPEED','最大扭矩转速（rpm）',NULL,0,NULL,NULL,NULL,NULL,NULL,NULL,127,'2016-09-02 02:57:31','2016-09-02 02:57:31',0),(1059,'PROJECT.TASK.BENCHMARK.VIHICLE.DISASSEMBLE_TIME','拆解时间',NULL,NULL,NULL,NULL,NULL,NULL,NULL,NULL,127,'2016-09-02 02:57:31','2016-09-02 02:57:31',0),(1060,'PROJECT.TASK.BENCHMARK.VIHICLE.SGM_TYPE','与SGM对标车型',NULL,NULL,NULL,NULL,NULL,NULL,NULL,NULL,127,'2016-09-02 02:57:31','2016-09-02 02:57:31',0),(1061,'PROJECT.TASK.BENCHMARK.VIHICLE.VEHICLE_MODULUS_NUM','整车数模号','整车数模号',NULL,NULL,NULL,NULL,NULL,NULL,NULL,127,'2016-09-02 02:57:31','2016-09-02 02:57:31',0),(1062,'PROJECT.TASK.BENCHMARK.VIHICLE.INTAKE_SYSTEM_MODULUS_NUM','进气系统数模号','AHE28708',NULL,NULL,NULL,NULL,NULL,NULL,NULL,127,'2016-09-02 02:57:31','2016-09-02 02:57:31',0),(1063,'PROJECT.TASK.BENCHMARK.VIHICLE.SUPPLIER','供应商','上海美嘉',NULL,NULL,NULL,NULL,NULL,NULL,NULL,127,'2016-09-02 02:57:31','2016-09-02 02:57:31',0),(1064,'PROJECT.TASK.BENCHMARK.VIHICLE.ADVANTAGE','设计亮点','位于tie bar 上方，较好的涉水性能',NULL,NULL,NULL,NULL,NULL,NULL,NULL,127,'2016-09-02 02:57:31','2016-09-02 02:57:31',0),(1065,'PROJECT.TASK.BENCHMARK.INTAKE_PIPE.MASS','零件重量',NULL,0,NULL,NULL,NULL,NULL,NULL,NULL,128,'2016-09-02 02:57:31','2016-09-02 02:57:31',0),(1066,'PROJECT.TASK.BENCHMARK.INTAKE_PIPE.VOLUMN','零件容积',NULL,0,NULL,NULL,NULL,NULL,NULL,NULL,128,'2016-09-02 02:57:31','2016-09-02 02:57:31',0),(1067,'PROJECT.TASK.BENCHMARK.INTAKE_PIPE.WALLTHICKNESS','零件壁厚',NULL,0,NULL,NULL,NULL,NULL,NULL,NULL,128,'2016-09-02 02:57:31','2016-09-02 02:57:31',0),(1068,'PROJECT.TASK.BENCHMARK.INTAKE_PIPE.DIMENSIONL','零件尺寸（长）',NULL,0,NULL,NULL,NULL,NULL,NULL,NULL,128,'2016-09-02 02:57:31','2016-09-02 02:57:31',0),(1069,'PROJECT.TASK.BENCHMARK.INTAKE_PIPE.DIMENSIONW','零件尺寸（宽）',NULL,0,NULL,NULL,NULL,NULL,NULL,NULL,128,'2016-09-02 02:57:31','2016-09-02 02:57:31',0),(1070,'PROJECT.TASK.BENCHMARK.INTAKE_PIPE.DIMENSIONH','零件尺寸（高）',NULL,0,NULL,NULL,NULL,NULL,NULL,NULL,128,'2016-09-02 02:57:31','2016-09-02 02:57:31',0),(1071,'PROJECT.TASK.BENCHMARK.INTAKE_PIPE.MATERIAL','零件材质',NULL,NULL,NULL,NULL,NULL,NULL,NULL,NULL,128,'2016-09-02 02:57:31','2016-09-02 02:57:31',0),(1072,'PROJECT.TASK.BENCHMARK.INTAKE_PIPE.INTAKE_PORT_POS','进气口位置','tie bar之上',NULL,NULL,NULL,NULL,NULL,NULL,NULL,128,'2016-09-02 02:57:31','2016-09-02 02:57:31',0),(1073,'PROJECT.TASK.BENCHMARK.INTAKE_PIPE.INTAKE_PORT_AREA','进气口面积',NULL,0,NULL,NULL,NULL,NULL,NULL,NULL,128,'2016-09-02 02:57:31','2016-09-02 02:57:31',0),(1074,'PROJECT.TASK.BENCHMARK.INTAKE_PIPE.CRAFTS','工艺',NULL,NULL,NULL,NULL,NULL,NULL,NULL,NULL,128,'2016-09-02 02:57:31','2016-09-02 02:57:31',0),(1075,'PROJECT.TASK.BENCHMARK.INTAKE_PIPE.WATER_PROOF','防水措施','防水零件:',NULL,NULL,NULL,NULL,NULL,NULL,NULL,128,'2016-09-02 02:57:31','2016-09-02 02:57:31',0),(1076,'PROJECT.TASK.BENCHMARK.INTAKE_PIPE.THERMAL','thermal措施','通过何种方式隔绝前舱热空气：',NULL,NULL,NULL,NULL,NULL,NULL,NULL,128,'2016-09-02 02:57:31','2016-09-02 02:57:31',0),(1077,'PROJECT.TASK.BENCHMARK.INTAKE_PIPE.MOUNTING_POINT','谐振器安装点','数量 3, 螺栓, 螺母, 支架',NULL,NULL,NULL,NULL,NULL,NULL,NULL,128,'2016-09-02 02:57:31','2016-09-02 02:57:31',0),(1078,'PROJECT.TASK.BENCHMARK.INTAKE_PIPE.GAP_SURROUNDING','进气管周边零件间隙','',0,NULL,NULL,NULL,NULL,NULL,NULL,128,'2016-09-02 02:57:31','2016-09-02 02:57:31',0),(1079,'PROJECT.TASK.BENCHMARK.RESONATOR.MASS','零件重量',NULL,0,NULL,NULL,NULL,NULL,NULL,NULL,129,'2016-09-02 02:57:31','2016-09-02 02:57:31',0),(1080,'PROJECT.TASK.BENCHMARK.RESONATOR.VOLUMN','零件容积',NULL,0,NULL,NULL,NULL,NULL,NULL,NULL,129,'2016-09-02 02:57:31','2016-09-02 02:57:31',0),(1081,'PROJECT.TASK.BENCHMARK.RESONATOR.WALLTHICKNESS','零件壁厚',NULL,0,NULL,NULL,NULL,NULL,NULL,NULL,129,'2016-09-02 02:57:31','2016-09-02 02:57:31',0),(1082,'PROJECT.TASK.BENCHMARK.RESONATOR.MATERIAL','零件材质',NULL,NULL,NULL,NULL,NULL,NULL,NULL,NULL,129,'2016-09-02 02:57:31','2016-09-02 02:57:31',0),(1083,'PROJECT.TASK.BENCHMARK.RESONATOR.CRAFTS','工艺',NULL,NULL,NULL,NULL,NULL,NULL,NULL,NULL,129,'2016-09-02 02:57:31','2016-09-02 02:57:31',0),(1084,'PROJECT.TASK.BENCHMARK.RESONATOR.WATER_HOLE','落水孔',NULL,NULL,NULL,NULL,NULL,NULL,NULL,NULL,129,'2016-09-02 02:57:31','2016-09-02 02:57:31',0),(1085,'PROJECT.TASK.BENCHMARK.RESONATOR.MOUNTING_POINT','谐振器安装点','数量 3, 螺栓, 螺母, 支架',NULL,NULL,NULL,NULL,NULL,NULL,NULL,129,'2016-09-02 02:57:31','2016-09-02 02:57:31',0),(1086,'PROJECT.TASK.BENCHMARK.RESONATOR.GAP_SURROUNDING','谐振器周边零件间隙','',0,NULL,NULL,NULL,NULL,NULL,NULL,129,'2016-09-02 02:57:31','2016-09-02 02:57:31',0),(1087,'PROJECT.TASK.BENCHMARK.AIR_FILTER.MASS','零件重量',NULL,0,NULL,NULL,NULL,NULL,NULL,NULL,130,'2016-09-02 02:57:31','2016-09-02 02:57:31',0),(1088,'PROJECT.TASK.BENCHMARK.AIR_FILTER.VOLUMN','零件容积',NULL,0,NULL,NULL,NULL,NULL,NULL,NULL,130,'2016-09-02 02:57:31','2016-09-02 02:57:31',0),(1089,'PROJECT.TASK.BENCHMARK.AIR_FILTER.WALLTHICKNESS','零件壁厚',NULL,0,NULL,NULL,NULL,NULL,NULL,NULL,130,'2016-09-02 02:57:31','2016-09-02 02:57:31',0),(1090,'PROJECT.TASK.BENCHMARK.AIR_FILTER.MATERIAL','零件材质',NULL,NULL,NULL,NULL,NULL,NULL,NULL,NULL,130,'2016-09-02 02:57:31','2016-09-02 02:57:31',0),(1091,'PROJECT.TASK.BENCHMARK.AIR_FILTER.CRAFTS','工艺',NULL,NULL,NULL,NULL,NULL,NULL,NULL,NULL,130,'2016-09-02 02:57:31','2016-09-02 02:57:31',0),(1092,'PROJECT.TASK.BENCHMARK.AIR_FILTER.DIMENSIONL','零件尺寸（长）',NULL,0,NULL,NULL,NULL,NULL,NULL,NULL,130,'2016-09-02 02:57:31','2016-09-02 02:57:31',0),(1093,'PROJECT.TASK.BENCHMARK.AIR_FILTER.DIMENSIONW','零件尺寸（宽）',NULL,0,NULL,NULL,NULL,NULL,NULL,NULL,130,'2016-09-02 02:57:31','2016-09-02 02:57:31',0),(1094,'PROJECT.TASK.BENCHMARK.AIR_FILTER.DIMENSIONH','零件尺寸（高）',NULL,0,NULL,NULL,NULL,NULL,NULL,NULL,130,'2016-09-02 02:57:31','2016-09-02 02:57:31',0),(1095,'PROJECT.TASK.BENCHMARK.AIR_FILTER.FILTER','滤芯',NULL,0,NULL,NULL,NULL,NULL,NULL,NULL,130,'2016-09-02 02:57:31','2016-09-02 02:57:31',0),(1096,'PROJECT.TASK.BENCHMARK.AIR_FILTER.WATER_HOLE','落水孔',NULL,NULL,NULL,NULL,NULL,NULL,NULL,NULL,130,'2016-09-02 02:57:31','2016-09-02 02:57:31',0),(1097,'PROJECT.TASK.BENCHMARK.AIR_FILTER.HIGH_FREQUENCY_RESONATOR','高频谐振器',NULL,NULL,NULL,NULL,NULL,NULL,NULL,NULL,130,'2016-09-02 02:57:31','2016-09-02 02:57:31',0),(1098,'PROJECT.TASK.BENCHMARK.AIR_FILTER.SENSORSFORM','传感器形式',NULL,NULL,NULL,NULL,NULL,NULL,NULL,NULL,130,'2016-09-02 02:57:31','2016-09-02 02:57:31',0),(1099,'PROJECT.TASK.BENCHMARK.AIR_FILTER.MOUNTING_POINT','空滤安装点','数量 3, 螺栓, 螺母, 支架',NULL,NULL,NULL,NULL,NULL,NULL,NULL,130,'2016-09-02 02:57:31','2016-09-02 02:57:31',0),(1100,'PROJECT.TASK.BENCHMARK.AIR_FILTER.GAP_SURROUNDING','空滤周边零件间隙','',0,NULL,NULL,NULL,NULL,NULL,NULL,130,'2016-09-02 02:57:31','2016-09-02 02:57:31',0),(1101,'PROJECT.TASK.BENCHMARK.OUTTAKE_PIPE.MASS','零件重量',NULL,0,NULL,NULL,NULL,NULL,NULL,NULL,131,'2016-09-02 02:57:31','2016-09-02 02:57:31',0),(1102,'PROJECT.TASK.BENCHMARK.OUTTAKE_PIPE.MATERIAL','零件材质',NULL,NULL,NULL,NULL,NULL,NULL,NULL,NULL,131,'2016-09-02 02:57:31','2016-09-02 02:57:31',0),(1103,'PROJECT.TASK.BENCHMARK.OUTTAKE_PIPE.CRAFTS','工艺',NULL,NULL,NULL,NULL,NULL,NULL,NULL,NULL,131,'2016-09-02 02:57:31','2016-09-02 02:57:31',0),(1104,'PROJECT.TASK.BENCHMARK.OUTTAKE_PIPE.WALLTHICKNESS','零件壁厚',NULL,0,NULL,NULL,NULL,NULL,NULL,NULL,131,'2016-09-02 02:57:31','2016-09-02 02:57:31',0),(1105,'PROJECT.TASK.BENCHMARK.OUTTAKE_PIPE.VOLUMN','零件容积',NULL,0,NULL,NULL,NULL,NULL,NULL,NULL,131,'2016-09-02 02:57:31','2016-09-02 02:57:31',0),(1106,'PROJECT.TASK.BENCHMARK.OUTTAKE_PIPE.DIMENSIONL','零件尺寸（长）',NULL,0,NULL,NULL,NULL,NULL,NULL,NULL,131,'2016-09-02 02:57:31','2016-09-02 02:57:31',0),(1107,'PROJECT.TASK.BENCHMARK.OUTTAKE_PIPE.DIMENSIONW','零件尺寸（宽）',NULL,0,NULL,NULL,NULL,NULL,NULL,NULL,131,'2016-09-02 02:57:31','2016-09-02 02:57:31',0),(1108,'PROJECT.TASK.BENCHMARK.OUTTAKE_PIPE.DIMENSIONH','零件尺寸（高）',NULL,0,NULL,NULL,NULL,NULL,NULL,NULL,131,'2016-09-02 02:57:31','2016-09-02 02:57:31',0),(1109,'PROJECT.TASK.BENCHMARK.OUTTAKE_PIPE.HIGH_FREQUENCY_RESONATOR','高频谐振器',NULL,NULL,NULL,NULL,NULL,NULL,NULL,NULL,131,'2016-09-02 02:57:31','2016-09-02 02:57:31',0),(1110,'PROJECT.TASK.BENCHMARK.OUTTAKE_PIPE.CLAMPS_NUM','卡箍(数量)',NULL,0,NULL,NULL,NULL,NULL,NULL,NULL,131,'2016-09-02 02:57:31','2016-09-02 02:57:31',0),(1111,'PROJECT.TASK.BENCHMARK.OUTTAKE_PIPE.CLAMPSW','卡箍(宽度mm)',NULL,0,NULL,NULL,NULL,NULL,NULL,NULL,131,'2016-09-02 02:57:31','2016-09-02 02:57:31',0),(1112,'PROJECT.TASK.BENCHMARK.OUTTAKE_PIPE.CLAMPS_WALLTHICKNESS','卡箍(壁厚mm)',NULL,0,NULL,NULL,NULL,NULL,NULL,NULL,131,'2016-09-02 02:57:31','2016-09-02 02:57:31',0),(1113,'PROJECT.TASK.BENCHMARK.OUTTAKE_PIPE.OUTLET_PIPE_SIZE','出气管尺寸',NULL,0,NULL,NULL,NULL,NULL,NULL,NULL,131,'2016-09-02 02:57:31','2016-09-02 02:57:31',0),(1114,'PROJECT.TASK.BENCHMARK.OUTTAKE_PIPE.THROTTLE_SIZE','节气门尺寸',NULL,0,NULL,NULL,NULL,NULL,NULL,NULL,131,'2016-09-02 02:57:31','2016-09-02 02:57:31',0),(1115,'PROJECT.TASK.BENCHMARK.OUTTAKE_PIPE.PCV_BOX_VOLUMN','PCV Box体积',NULL,0,NULL,NULL,NULL,NULL,NULL,NULL,131,'2016-09-02 02:57:31','2016-09-02 02:57:31',0),(1116,'PROJECT.TASK.BENCHMARK.OUTTAKE_PIPE.PCV_MAF_DIS','PCV与MAF之间距离',NULL,0,NULL,NULL,NULL,NULL,NULL,NULL,131,'2016-09-02 02:57:31','2016-09-02 02:57:31',0),(1117,'PROJECT.TASK.BENCHMARK.OUTTAKE_PIPE.GAP_SURROUNDING','出气管周边零件间隙','',0,NULL,NULL,NULL,NULL,NULL,NULL,131,'2016-09-02 02:57:31','2016-09-02 02:57:31',0),(1118,'PROJECT.TASK.BENCHMARK.PERFORMANCE.BP','压力降',NULL,0,NULL,NULL,NULL,NULL,NULL,NULL,132,'2016-09-02 02:57:31','2016-09-02 02:57:31',0),(1119,'PROJECT.TASK.BENCHMARK.PERFORMANCE.SYSTEM_MODAL','系统模态',NULL,0,NULL,NULL,NULL,NULL,NULL,NULL,132,'2016-09-02 02:57:31','2016-09-02 02:57:31',0),(1120,'PROJECT.TASK.BENCHMARK.PERFORMANCE.INTAKE_NOISE','进气口噪音','',NULL,NULL,NULL,NULL,NULL,NULL,NULL,132,'2016-09-02 02:57:31','2016-09-02 02:57:31',0),(1121,'PROJECT.TASK.BENCHMARK.PERFORMANCE.RADIATION_NOISE','辐射噪音','',NULL,NULL,NULL,NULL,NULL,NULL,NULL,132,'2016-09-02 02:57:31','2016-09-02 02:57:31',0),(1122,'PROJECT.TASK.BENCHMARK.PERFORMANCE.FILTRATION_EFFICIENCY','过滤效率',NULL,0,NULL,NULL,NULL,NULL,NULL,NULL,132,'2016-09-02 02:57:31','2016-09-02 02:57:31',0),(1123,'PROJECT.TASK.BENCHMARK.PERFORMANCE.DUST_HOLDING_CAPACITY','容尘量',NULL,0,NULL,NULL,NULL,NULL,NULL,NULL,132,'2016-09-02 02:57:31','2016-09-02 02:57:31',0),(1124,'PROJECT.TASK.BENCHMARK.PERFORMANCE.FILTER_LEAKAGE','滤芯泄漏量',NULL,0,NULL,NULL,NULL,NULL,NULL,NULL,132,'2016-09-02 02:57:31','2016-09-02 02:57:31',0),(1125,'PROJECT.TASK.BENCHMARK.PERFORMANCE.CUSHION_DYNAMIC_STIFFNESS','减震垫动刚度','',NULL,NULL,NULL,NULL,NULL,NULL,NULL,132,'2016-09-02 02:57:31','2016-09-02 02:57:31',0),(1126,'PROJECT.TASK.BENCHMARK.PERFORMANCE.FULCRUM_DYNAMIC_STIFFNESS','支点动刚度','',NULL,NULL,NULL,NULL,NULL,NULL,NULL,132,'2016-09-02 02:57:31','2016-09-02 02:57:31',0),(1127,'PROJECT.TASK.BENCHMARK.PERFORMANCE.PULLING_FORCE','拉拔力',NULL,0,NULL,NULL,NULL,NULL,NULL,NULL,132,'2016-09-02 02:57:31','2016-09-02 02:57:31',0),(1128,'PROJECT.TASK.BENCHMARK.PERFORMANCE.TRANSMISSION_LOSS','传递损失','',NULL,NULL,NULL,NULL,NULL,NULL,NULL,132,'2016-09-02 02:57:31','2016-09-02 02:57:31',0),(1129,'PROJECT.TASK.BENCHMARK.PERFORMANCE.INSERTION_LOSS','插入损失','',NULL,NULL,NULL,NULL,NULL,NULL,NULL,132,'2016-09-02 02:57:31','2016-09-02 02:57:31',0),(1130,'undefined','Root Cause','Root Cause1',NULL,NULL,NULL,'\0',NULL,NULL,NULL,133,'2016-09-02 03:04:10','2016-09-02 03:04:10',0),(1131,'undefined','Solution','Solution1',NULL,NULL,NULL,'\0',NULL,NULL,NULL,133,'2016-09-02 03:04:10','2016-09-02 03:04:10',0),(1132,'undefined','Execute','Execute1',NULL,NULL,NULL,'\0',NULL,NULL,NULL,133,'2016-09-02 03:04:10','2016-09-02 03:04:10',0),(1133,'undefined','Feedback','Feedback1',NULL,NULL,NULL,'\0',NULL,NULL,NULL,133,'2016-09-02 03:04:10','2016-09-02 03:04:10',0),(1134,'PROJECT.TASK.MULE_MRD.BOM_CHECK','Mule BOM check',NULL,0,NULL,'','\0',NULL,NULL,NULL,134,'2016-09-02 03:04:17','2016-09-02 03:04:17',0),(1135,'PROJECT.TASK.MULE_MRD.SIZE_CHECK','尺寸检查',NULL,0,NULL,'','\0',NULL,NULL,NULL,134,'2016-09-02 03:04:17','2016-09-02 03:04:17',0),(1136,'PROJECT.TASK.MULE_MRD.BP','背压／压力将(kpa)',NULL,0,NULL,'bpMax','\0',NULL,NULL,NULL,134,'2016-09-02 03:04:17','2016-09-02 03:04:17',0),(1137,'PROJECT.TASK.MULE_MRD.TRANSMISSIONLOSE','传递损失',NULL,0,NULL,'','\0',NULL,NULL,NULL,134,'2016-09-02 03:04:17','2016-09-02 03:04:17',0),(1138,'PROJECT.TASK.MULE_MRD.MASS','重量(kg)',NULL,0,NULL,'massMax','\0',NULL,NULL,NULL,134,'2016-09-02 03:04:17','2016-09-02 03:04:17',0),(1139,'PROJECT.TASK.MULE_MRD.MAF','MAF 5*5',NULL,0,NULL,'','\0',NULL,NULL,NULL,134,'2016-09-02 03:04:17','2016-09-02 03:04:17',0),(1140,'PROJECT.TASK.MULE_MRD.SIL','SIL',NULL,0,NULL,'','\0',NULL,NULL,NULL,134,'2016-09-02 03:04:17','2016-09-02 03:04:17',0),(1141,'PROJECT.TASK.MULE_MRD.DOCCHECK','文档检查',NULL,0,NULL,'','\0',NULL,NULL,NULL,134,'2016-09-02 03:04:17','2016-09-02 03:04:17',0),(1142,'PROJECT.TASK.IVTUNING.PLAN','调音计划',NULL,0,NULL,'','\0',NULL,NULL,NULL,135,'2016-09-02 03:04:19','2016-09-02 03:04:19',0),(1143,'PROJECT.TASK.IVTUNING.SOLUTION','调音方案',NULL,0,NULL,'','\0',NULL,NULL,NULL,135,'2016-09-02 03:04:19','2016-09-02 03:04:19',0),(1144,'PROJECT.TASK.IVTUNING.SAMPLE_PREPARE','调音样件准备',NULL,0,NULL,'','\0',NULL,NULL,NULL,135,'2016-09-02 03:04:19','2016-09-02 03:04:19',0),(1145,'PROJECT.TASK.IVTUNING.VEHICLE_PREPARE_65','65%调音车辆准备',NULL,0,NULL,'','\0',NULL,NULL,NULL,135,'2016-09-02 03:04:19','2016-09-02 03:04:19',0),(1146,'PROJECT.TASK.IVTUNING.LABOURATORY_WORKSHEET_PREPARE','试验室资源/工作单准备',NULL,0,NULL,'','\0',NULL,NULL,NULL,135,'2016-09-02 03:04:19','2016-09-02 03:04:19',0),(1147,'PROJECT.TASK.IVTUNING.TUNINT_TEST','调音试验',NULL,0,NULL,'','\0',NULL,NULL,NULL,135,'2016-09-02 03:04:19','2016-09-02 03:04:19',0),(1148,'PROJECT.TASK.IVTUNING.BP_VERIFY','背压确认',NULL,0,NULL,'','\0',NULL,NULL,NULL,135,'2016-09-02 03:04:19','2016-09-02 03:04:19',0),(1149,'PROJECT.TASK.IVTUNING.SUBJECT_ESTIMATION','主观评价',NULL,0,NULL,'','\0',NULL,NULL,NULL,135,'2016-09-02 03:04:19','2016-09-02 03:04:19',0),(1150,'PROJECT.TASK.IVTUNING.NVH_BUYOFF','NVH buy off',NULL,0,NULL,'','\0',NULL,NULL,NULL,135,'2016-09-02 03:04:19','2016-09-02 03:04:19',0),(1151,'PROJECT.TASK.IVTUNING.SCHEME_FREEZE','方案冻结',NULL,0,NULL,'','\0',NULL,NULL,NULL,135,'2016-09-02 03:04:19','2016-09-02 03:04:19',0),(1152,'PROJECT.TASK.IVTUNING.MODEL_CHANGE','数模图纸更新',NULL,0,NULL,'','\0',NULL,NULL,NULL,135,'2016-09-02 03:04:19','2016-09-02 03:04:19',0),(1153,'PROJECT.TASK.HARDTOOLING.DESIGN_FREEZE','设计冻结',NULL,0,NULL,'','\0',NULL,NULL,NULL,136,'2016-09-02 03:04:21','2016-09-02 03:04:21',0),(1154,'PROJECT.TASK.HARDTOOLING.MODEL_PAPER_ESTIMATE_RELEASE','数模和图纸评审和释放',NULL,0,NULL,'','\0',NULL,NULL,NULL,136,'2016-09-02 03:04:21','2016-09-02 03:04:21',0),(1155,'PROJECT.TASK.HARDTOOLING.EWO_EWO_POTENTIAL_MEETING','EWO和潜在EWO会审',NULL,0,NULL,'','\0',NULL,NULL,NULL,136,'2016-09-02 03:04:21','2016-09-02 03:04:21',0),(1156,'PROJECT.TASK.HARDTOOLING.MODEL_START_MEETING','模具启动会议',NULL,0,NULL,'','\0',NULL,NULL,NULL,136,'2016-09-02 03:04:21','2016-09-02 03:04:21',0),(1157,'PROJECT.TASK.HARDTOOLING.MODEL_PROCESS_PLAN','模具加工计划',NULL,0,NULL,'','\0',NULL,NULL,NULL,136,'2016-09-02 03:04:21','2016-09-02 03:04:21',0),(1158,'PROJECT.TASK.HARDTOOLING.TRACK_MODEL_PROCESS','定期跟踪模具加工',NULL,0,NULL,'','\0',NULL,NULL,NULL,136,'2016-09-02 03:04:21','2016-09-02 03:04:21',0),(1159,'PROJECT.TASK.HARDTOOLING.T1_T2_MODEL_LIVE_ESTIMATE','T1 &T2 试模现场评审',NULL,0,NULL,'','\0',NULL,NULL,NULL,136,'2016-09-02 03:04:21','2016-09-02 03:04:21',0),(1160,'PROJECT.TASK.HARDTOOLING.SAMPLE_TEST','样件检测',NULL,0,NULL,'','\0',NULL,NULL,NULL,136,'2016-09-02 03:04:21','2016-09-02 03:04:21',0),(1161,'PROJECT.TASK.HARDTOOLING.MODEL_DONE','模具完成',NULL,0,NULL,'','\0',NULL,NULL,NULL,136,'2016-09-02 03:04:21','2016-09-02 03:04:21',0),(1162,'PROJECT.TASK.PPV_MRD.BOM_CHECK','PPV BOM check',NULL,0,NULL,'','\0',NULL,NULL,NULL,137,'2016-09-02 03:04:23','2016-09-02 03:04:23',0),(1163,'PROJECT.TASK.PPV_MRD.SIZE_CHECK','尺寸检查',NULL,0,NULL,'','\0',NULL,NULL,NULL,137,'2016-09-02 03:04:23','2016-09-02 03:04:23',0),(1164,'PROJECT.TASK.PPV_MRD.BP','背压／压力将(kpa)',NULL,0,NULL,'bpMax','\0',NULL,NULL,NULL,137,'2016-09-02 03:04:23','2016-09-02 03:04:23',0),(1165,'PROJECT.TASK.PPV_MRD.TRANSMISSIONLOSE','传递损失',NULL,0,NULL,'','\0',NULL,NULL,NULL,137,'2016-09-02 03:04:23','2016-09-02 03:04:23',0),(1166,'PROJECT.TASK.PPV_MRD.MASS','重量(kg)',NULL,0,NULL,'massMax','\0',NULL,NULL,NULL,137,'2016-09-02 03:04:23','2016-09-02 03:04:23',0),(1167,'PROJECT.TASK.PPV_MRD.MAF','MAF 5*5',NULL,0,NULL,'','\0',NULL,NULL,NULL,137,'2016-09-02 03:04:23','2016-09-02 03:04:23',0),(1168,'PROJECT.TASK.PPV_MRD.HARD_MODEL','硬模',NULL,0,NULL,'','\0',NULL,NULL,NULL,137,'2016-09-02 03:04:23','2016-09-02 03:04:23',0),(1169,'PROJECT.TASK.PPV_MRD.TEST_TOOL1','检具',NULL,0,NULL,'','\0',NULL,NULL,NULL,137,'2016-09-02 03:04:23','2016-09-02 03:04:23',0),(1170,'PROJECT.TASK.PPV_MRD.TEST_TOOL2','检具',NULL,0,NULL,'','\0',NULL,NULL,NULL,137,'2016-09-02 03:04:23','2016-09-02 03:04:23',0),(1171,'PROJECT.TASK.BENCHMARK.VIHICLE.BRAND','品牌',NULL,NULL,NULL,NULL,NULL,NULL,NULL,NULL,138,'2016-09-02 03:04:25','2016-09-02 03:04:25',0),(1172,'PROJECT.TASK.BENCHMARK.VIHICLE.STYLE','车型',NULL,NULL,NULL,NULL,NULL,NULL,NULL,NULL,138,'2016-09-02 03:04:25','2016-09-02 03:04:25',0),(1173,'PROJECT.TASK.BENCHMARK.VIHICLE.YEAR','配置型号（车型年）',NULL,NULL,NULL,NULL,NULL,NULL,NULL,NULL,138,'2016-09-02 03:04:25','2016-09-02 03:04:25',0),(1174,'PROJECT.TASK.BENCHMARK.VIHICLE.PRICE','官方指导价',NULL,100,NULL,NULL,NULL,NULL,NULL,NULL,138,'2016-09-02 03:04:25','2016-09-02 03:04:25',0),(1175,'PROJECT.TASK.BENCHMARK.VIHICLE.BODYFORM','车体形式',NULL,NULL,NULL,NULL,NULL,NULL,NULL,NULL,138,'2016-09-02 03:04:25','2016-09-02 03:04:25',0),(1176,'PROJECT.TASK.BENCHMARK.VIHICLE.STYLELEVEL','车型级别',NULL,NULL,NULL,NULL,NULL,NULL,NULL,NULL,138,'2016-09-02 03:04:25','2016-09-02 03:04:25',0),(1177,'PROJECT.TASK.BENCHMARK.VIHICLE.ENGINE_EMISSION','发动机排量',NULL,0,NULL,NULL,NULL,NULL,NULL,NULL,138,'2016-09-02 03:04:25','2016-09-02 03:04:25',0),(1178,'PROJECT.TASK.BENCHMARK.VIHICLE.INTAKE_FORM','进气形式',NULL,NULL,NULL,NULL,NULL,NULL,NULL,NULL,138,'2016-09-02 03:04:25','2016-09-02 03:04:25',0),(1179,'PROJECT.TASK.BENCHMARK.VIHICLE.CYLINDER_ARRANGEMENT_FORM','气缸排列形式',NULL,NULL,NULL,NULL,NULL,NULL,NULL,NULL,138,'2016-09-02 03:04:25','2016-09-02 03:04:25',0),(1180,'PROJECT.TASK.BENCHMARK.VIHICLE.CYLINDER_NUM','气缸数',NULL,NULL,NULL,NULL,NULL,NULL,NULL,NULL,138,'2016-09-02 03:04:25','2016-09-02 03:04:25',0),(1181,'PROJECT.TASK.BENCHMARK.VIHICLE.MAX_HOUSE_POWER','最大马力（Ps）',NULL,0,NULL,NULL,NULL,NULL,NULL,NULL,138,'2016-09-02 03:04:25','2016-09-02 03:04:25',0),(1182,'PROJECT.TASK.BENCHMARK.VIHICLE.MAX_POWER','最大功率（KW）',NULL,0,NULL,NULL,NULL,NULL,NULL,NULL,138,'2016-09-02 03:04:25','2016-09-02 03:04:25',0),(1183,'PROJECT.TASK.BENCHMARK.VIHICLE.MAX_POWER_SPEED','最大功率转速（rpm）',NULL,0,NULL,NULL,NULL,NULL,NULL,NULL,138,'2016-09-02 03:04:25','2016-09-02 03:04:25',0),(1184,'PROJECT.TASK.BENCHMARK.VIHICLE.MAX_TORQUE','最大扭矩（N.m）',NULL,0,NULL,NULL,NULL,NULL,NULL,NULL,138,'2016-09-02 03:04:25','2016-09-02 03:04:25',0),(1185,'PROJECT.TASK.BENCHMARK.VIHICLE.MAX_TORQUE_SPEED','最大扭矩转速（rpm）',NULL,0,NULL,NULL,NULL,NULL,NULL,NULL,138,'2016-09-02 03:04:25','2016-09-02 03:04:25',0),(1186,'PROJECT.TASK.BENCHMARK.VIHICLE.DISASSEMBLE_TIME','拆解时间',NULL,NULL,NULL,NULL,NULL,NULL,NULL,NULL,138,'2016-09-02 03:04:25','2016-09-02 03:04:25',0),(1187,'PROJECT.TASK.BENCHMARK.VIHICLE.SGM_TYPE','与SGM对标车型',NULL,NULL,NULL,NULL,NULL,NULL,NULL,NULL,138,'2016-09-02 03:04:25','2016-09-02 03:04:25',0),(1188,'PROJECT.TASK.BENCHMARK.VIHICLE.VEHICLE_MODULUS_NUM','整车数模号','整车数模号',NULL,NULL,NULL,NULL,NULL,NULL,NULL,138,'2016-09-02 03:04:25','2016-09-02 03:04:25',0),(1189,'PROJECT.TASK.BENCHMARK.VIHICLE.INTAKE_SYSTEM_MODULUS_NUM','进气系统数模号','AHE28708',NULL,NULL,NULL,NULL,NULL,NULL,NULL,138,'2016-09-02 03:04:25','2016-09-02 03:04:25',0),(1190,'PROJECT.TASK.BENCHMARK.VIHICLE.SUPPLIER','供应商','上海美嘉',NULL,NULL,NULL,NULL,NULL,NULL,NULL,138,'2016-09-02 03:04:25','2016-09-02 03:04:25',0),(1191,'PROJECT.TASK.BENCHMARK.VIHICLE.ADVANTAGE','设计亮点','位于tie bar 上方，较好的涉水性能',NULL,NULL,NULL,NULL,NULL,NULL,NULL,138,'2016-09-02 03:04:25','2016-09-02 03:04:25',0),(1192,'PROJECT.TASK.BENCHMARK.INTAKE_PIPE.MASS','零件重量',NULL,0,NULL,NULL,NULL,NULL,NULL,NULL,139,'2016-09-02 03:04:25','2016-09-02 03:04:25',0),(1193,'PROJECT.TASK.BENCHMARK.INTAKE_PIPE.VOLUMN','零件容积',NULL,0,NULL,NULL,NULL,NULL,NULL,NULL,139,'2016-09-02 03:04:25','2016-09-02 03:04:25',0),(1194,'PROJECT.TASK.BENCHMARK.INTAKE_PIPE.WALLTHICKNESS','零件壁厚',NULL,0,NULL,NULL,NULL,NULL,NULL,NULL,139,'2016-09-02 03:04:25','2016-09-02 03:04:25',0),(1195,'PROJECT.TASK.BENCHMARK.INTAKE_PIPE.DIMENSIONL','零件尺寸（长）',NULL,0,NULL,NULL,NULL,NULL,NULL,NULL,139,'2016-09-02 03:04:25','2016-09-02 03:04:25',0),(1196,'PROJECT.TASK.BENCHMARK.INTAKE_PIPE.DIMENSIONW','零件尺寸（宽）',NULL,0,NULL,NULL,NULL,NULL,NULL,NULL,139,'2016-09-02 03:04:25','2016-09-02 03:04:25',0),(1197,'PROJECT.TASK.BENCHMARK.INTAKE_PIPE.DIMENSIONH','零件尺寸（高）',NULL,0,NULL,NULL,NULL,NULL,NULL,NULL,139,'2016-09-02 03:04:25','2016-09-02 03:04:25',0),(1198,'PROJECT.TASK.BENCHMARK.INTAKE_PIPE.MATERIAL','零件材质',NULL,NULL,NULL,NULL,NULL,NULL,NULL,NULL,139,'2016-09-02 03:04:25','2016-09-02 03:04:25',0),(1199,'PROJECT.TASK.BENCHMARK.INTAKE_PIPE.INTAKE_PORT_POS','进气口位置','tie bar之上',NULL,NULL,NULL,NULL,NULL,NULL,NULL,139,'2016-09-02 03:04:25','2016-09-02 03:04:25',0),(1200,'PROJECT.TASK.BENCHMARK.INTAKE_PIPE.INTAKE_PORT_AREA','进气口面积',NULL,0,NULL,NULL,NULL,NULL,NULL,NULL,139,'2016-09-02 03:04:25','2016-09-02 03:04:25',0),(1201,'PROJECT.TASK.BENCHMARK.INTAKE_PIPE.CRAFTS','工艺',NULL,NULL,NULL,NULL,NULL,NULL,NULL,NULL,139,'2016-09-02 03:04:25','2016-09-02 03:04:25',0),(1202,'PROJECT.TASK.BENCHMARK.INTAKE_PIPE.WATER_PROOF','防水措施','防水零件:',NULL,NULL,NULL,NULL,NULL,NULL,NULL,139,'2016-09-02 03:04:25','2016-09-02 03:04:25',0),(1203,'PROJECT.TASK.BENCHMARK.INTAKE_PIPE.THERMAL','thermal措施','通过何种方式隔绝前舱热空气：',NULL,NULL,NULL,NULL,NULL,NULL,NULL,139,'2016-09-02 03:04:25','2016-09-02 03:04:25',0),(1204,'PROJECT.TASK.BENCHMARK.INTAKE_PIPE.MOUNTING_POINT','谐振器安装点','数量 3, 螺栓, 螺母, 支架',NULL,NULL,NULL,NULL,NULL,NULL,NULL,139,'2016-09-02 03:04:25','2016-09-02 03:04:25',0),(1205,'PROJECT.TASK.BENCHMARK.INTAKE_PIPE.GAP_SURROUNDING','进气管周边零件间隙','',0,NULL,NULL,NULL,NULL,NULL,NULL,139,'2016-09-02 03:04:25','2016-09-02 03:04:25',0),(1206,'PROJECT.TASK.BENCHMARK.RESONATOR.MASS','零件重量',NULL,0,NULL,NULL,NULL,NULL,NULL,NULL,140,'2016-09-02 03:04:25','2016-09-02 03:04:25',0),(1207,'PROJECT.TASK.BENCHMARK.RESONATOR.VOLUMN','零件容积',NULL,0,NULL,NULL,NULL,NULL,NULL,NULL,140,'2016-09-02 03:04:25','2016-09-02 03:04:25',0),(1208,'PROJECT.TASK.BENCHMARK.RESONATOR.WALLTHICKNESS','零件壁厚',NULL,0,NULL,NULL,NULL,NULL,NULL,NULL,140,'2016-09-02 03:04:25','2016-09-02 03:04:25',0),(1209,'PROJECT.TASK.BENCHMARK.RESONATOR.MATERIAL','零件材质',NULL,NULL,NULL,NULL,NULL,NULL,NULL,NULL,140,'2016-09-02 03:04:25','2016-09-02 03:04:25',0),(1210,'PROJECT.TASK.BENCHMARK.RESONATOR.CRAFTS','工艺',NULL,NULL,NULL,NULL,NULL,NULL,NULL,NULL,140,'2016-09-02 03:04:25','2016-09-02 03:04:25',0),(1211,'PROJECT.TASK.BENCHMARK.RESONATOR.WATER_HOLE','落水孔',NULL,NULL,NULL,NULL,NULL,NULL,NULL,NULL,140,'2016-09-02 03:04:25','2016-09-02 03:04:25',0),(1212,'PROJECT.TASK.BENCHMARK.RESONATOR.MOUNTING_POINT','谐振器安装点','数量 3, 螺栓, 螺母, 支架',NULL,NULL,NULL,NULL,NULL,NULL,NULL,140,'2016-09-02 03:04:25','2016-09-02 03:04:25',0),(1213,'PROJECT.TASK.BENCHMARK.RESONATOR.GAP_SURROUNDING','谐振器周边零件间隙','',0,NULL,NULL,NULL,NULL,NULL,NULL,140,'2016-09-02 03:04:25','2016-09-02 03:04:25',0),(1214,'PROJECT.TASK.BENCHMARK.AIR_FILTER.MASS','零件重量',NULL,0,NULL,NULL,NULL,NULL,NULL,NULL,141,'2016-09-02 03:04:25','2016-09-02 03:04:25',0),(1215,'PROJECT.TASK.BENCHMARK.AIR_FILTER.VOLUMN','零件容积',NULL,0,NULL,NULL,NULL,NULL,NULL,NULL,141,'2016-09-02 03:04:25','2016-09-02 03:04:25',0),(1216,'PROJECT.TASK.BENCHMARK.AIR_FILTER.WALLTHICKNESS','零件壁厚',NULL,0,NULL,NULL,NULL,NULL,NULL,NULL,141,'2016-09-02 03:04:25','2016-09-02 03:04:25',0),(1217,'PROJECT.TASK.BENCHMARK.AIR_FILTER.MATERIAL','零件材质',NULL,NULL,NULL,NULL,NULL,NULL,NULL,NULL,141,'2016-09-02 03:04:25','2016-09-02 03:04:25',0),(1218,'PROJECT.TASK.BENCHMARK.AIR_FILTER.CRAFTS','工艺',NULL,NULL,NULL,NULL,NULL,NULL,NULL,NULL,141,'2016-09-02 03:04:25','2016-09-02 03:04:25',0),(1219,'PROJECT.TASK.BENCHMARK.AIR_FILTER.DIMENSIONL','零件尺寸（长）',NULL,0,NULL,NULL,NULL,NULL,NULL,NULL,141,'2016-09-02 03:04:25','2016-09-02 03:04:25',0),(1220,'PROJECT.TASK.BENCHMARK.AIR_FILTER.DIMENSIONW','零件尺寸（宽）',NULL,0,NULL,NULL,NULL,NULL,NULL,NULL,141,'2016-09-02 03:04:25','2016-09-02 03:04:25',0),(1221,'PROJECT.TASK.BENCHMARK.AIR_FILTER.DIMENSIONH','零件尺寸（高）',NULL,0,NULL,NULL,NULL,NULL,NULL,NULL,141,'2016-09-02 03:04:25','2016-09-02 03:04:25',0),(1222,'PROJECT.TASK.BENCHMARK.AIR_FILTER.FILTER','滤芯',NULL,0,NULL,NULL,NULL,NULL,NULL,NULL,141,'2016-09-02 03:04:25','2016-09-02 03:04:25',0),(1223,'PROJECT.TASK.BENCHMARK.AIR_FILTER.WATER_HOLE','落水孔',NULL,NULL,NULL,NULL,NULL,NULL,NULL,NULL,141,'2016-09-02 03:04:25','2016-09-02 03:04:25',0),(1224,'PROJECT.TASK.BENCHMARK.AIR_FILTER.HIGH_FREQUENCY_RESONATOR','高频谐振器',NULL,NULL,NULL,NULL,NULL,NULL,NULL,NULL,141,'2016-09-02 03:04:25','2016-09-02 03:04:25',0),(1225,'PROJECT.TASK.BENCHMARK.AIR_FILTER.SENSORSFORM','传感器形式',NULL,NULL,NULL,NULL,NULL,NULL,NULL,NULL,141,'2016-09-02 03:04:25','2016-09-02 03:04:25',0),(1226,'PROJECT.TASK.BENCHMARK.AIR_FILTER.MOUNTING_POINT','空滤安装点','数量 3, 螺栓, 螺母, 支架',NULL,NULL,NULL,NULL,NULL,NULL,NULL,141,'2016-09-02 03:04:25','2016-09-02 03:04:25',0),(1227,'PROJECT.TASK.BENCHMARK.AIR_FILTER.GAP_SURROUNDING','空滤周边零件间隙','',0,NULL,NULL,NULL,NULL,NULL,NULL,141,'2016-09-02 03:04:25','2016-09-02 03:04:25',0),(1228,'PROJECT.TASK.BENCHMARK.OUTTAKE_PIPE.MASS','零件重量',NULL,0,NULL,NULL,NULL,NULL,NULL,NULL,142,'2016-09-02 03:04:25','2016-09-02 03:04:25',0),(1229,'PROJECT.TASK.BENCHMARK.OUTTAKE_PIPE.MATERIAL','零件材质',NULL,NULL,NULL,NULL,NULL,NULL,NULL,NULL,142,'2016-09-02 03:04:25','2016-09-02 03:04:25',0),(1230,'PROJECT.TASK.BENCHMARK.OUTTAKE_PIPE.CRAFTS','工艺',NULL,NULL,NULL,NULL,NULL,NULL,NULL,NULL,142,'2016-09-02 03:04:25','2016-09-02 03:04:25',0),(1231,'PROJECT.TASK.BENCHMARK.OUTTAKE_PIPE.WALLTHICKNESS','零件壁厚',NULL,0,NULL,NULL,NULL,NULL,NULL,NULL,142,'2016-09-02 03:04:25','2016-09-02 03:04:25',0),(1232,'PROJECT.TASK.BENCHMARK.OUTTAKE_PIPE.VOLUMN','零件容积',NULL,0,NULL,NULL,NULL,NULL,NULL,NULL,142,'2016-09-02 03:04:25','2016-09-02 03:04:25',0),(1233,'PROJECT.TASK.BENCHMARK.OUTTAKE_PIPE.DIMENSIONL','零件尺寸（长）',NULL,0,NULL,NULL,NULL,NULL,NULL,NULL,142,'2016-09-02 03:04:25','2016-09-02 03:04:25',0),(1234,'PROJECT.TASK.BENCHMARK.OUTTAKE_PIPE.DIMENSIONW','零件尺寸（宽）',NULL,0,NULL,NULL,NULL,NULL,NULL,NULL,142,'2016-09-02 03:04:25','2016-09-02 03:04:25',0),(1235,'PROJECT.TASK.BENCHMARK.OUTTAKE_PIPE.DIMENSIONH','零件尺寸（高）',NULL,0,NULL,NULL,NULL,NULL,NULL,NULL,142,'2016-09-02 03:04:25','2016-09-02 03:04:25',0),(1236,'PROJECT.TASK.BENCHMARK.OUTTAKE_PIPE.HIGH_FREQUENCY_RESONATOR','高频谐振器',NULL,NULL,NULL,NULL,NULL,NULL,NULL,NULL,142,'2016-09-02 03:04:25','2016-09-02 03:04:25',0),(1237,'PROJECT.TASK.BENCHMARK.OUTTAKE_PIPE.CLAMPS_NUM','卡箍(数量)',NULL,0,NULL,NULL,NULL,NULL,NULL,NULL,142,'2016-09-02 03:04:25','2016-09-02 03:04:25',0),(1238,'PROJECT.TASK.BENCHMARK.OUTTAKE_PIPE.CLAMPSW','卡箍(宽度mm)',NULL,0,NULL,NULL,NULL,NULL,NULL,NULL,142,'2016-09-02 03:04:25','2016-09-02 03:04:25',0),(1239,'PROJECT.TASK.BENCHMARK.OUTTAKE_PIPE.CLAMPS_WALLTHICKNESS','卡箍(壁厚mm)',NULL,0,NULL,NULL,NULL,NULL,NULL,NULL,142,'2016-09-02 03:04:25','2016-09-02 03:04:25',0),(1240,'PROJECT.TASK.BENCHMARK.OUTTAKE_PIPE.OUTLET_PIPE_SIZE','出气管尺寸',NULL,0,NULL,NULL,NULL,NULL,NULL,NULL,142,'2016-09-02 03:04:25','2016-09-02 03:04:25',0),(1241,'PROJECT.TASK.BENCHMARK.OUTTAKE_PIPE.THROTTLE_SIZE','节气门尺寸',NULL,0,NULL,NULL,NULL,NULL,NULL,NULL,142,'2016-09-02 03:04:25','2016-09-02 03:04:25',0),(1242,'PROJECT.TASK.BENCHMARK.OUTTAKE_PIPE.PCV_BOX_VOLUMN','PCV Box体积',NULL,0,NULL,NULL,NULL,NULL,NULL,NULL,142,'2016-09-02 03:04:25','2016-09-02 03:04:25',0),(1243,'PROJECT.TASK.BENCHMARK.OUTTAKE_PIPE.PCV_MAF_DIS','PCV与MAF之间距离',NULL,0,NULL,NULL,NULL,NULL,NULL,NULL,142,'2016-09-02 03:04:25','2016-09-02 03:04:25',0),(1244,'PROJECT.TASK.BENCHMARK.OUTTAKE_PIPE.GAP_SURROUNDING','出气管周边零件间隙','',0,NULL,NULL,NULL,NULL,NULL,NULL,142,'2016-09-02 03:04:25','2016-09-02 03:04:25',0),(1245,'PROJECT.TASK.BENCHMARK.PERFORMANCE.BP','压力降',NULL,0,NULL,NULL,NULL,NULL,NULL,NULL,143,'2016-09-02 03:04:25','2016-09-02 03:04:25',0),(1246,'PROJECT.TASK.BENCHMARK.PERFORMANCE.SYSTEM_MODAL','系统模态',NULL,0,NULL,NULL,NULL,NULL,NULL,NULL,143,'2016-09-02 03:04:25','2016-09-02 03:04:25',0),(1247,'PROJECT.TASK.BENCHMARK.PERFORMANCE.INTAKE_NOISE','进气口噪音','',NULL,NULL,NULL,NULL,NULL,NULL,NULL,143,'2016-09-02 03:04:25','2016-09-02 03:04:25',0),(1248,'PROJECT.TASK.BENCHMARK.PERFORMANCE.RADIATION_NOISE','辐射噪音','',NULL,NULL,NULL,NULL,NULL,NULL,NULL,143,'2016-09-02 03:04:25','2016-09-02 03:04:25',0),(1249,'PROJECT.TASK.BENCHMARK.PERFORMANCE.FILTRATION_EFFICIENCY','过滤效率',NULL,0,NULL,NULL,NULL,NULL,NULL,NULL,143,'2016-09-02 03:04:25','2016-09-02 03:04:25',0),(1250,'PROJECT.TASK.BENCHMARK.PERFORMANCE.DUST_HOLDING_CAPACITY','容尘量',NULL,0,NULL,NULL,NULL,NULL,NULL,NULL,143,'2016-09-02 03:04:25','2016-09-02 03:04:25',0),(1251,'PROJECT.TASK.BENCHMARK.PERFORMANCE.FILTER_LEAKAGE','滤芯泄漏量',NULL,0,NULL,NULL,NULL,NULL,NULL,NULL,143,'2016-09-02 03:04:25','2016-09-02 03:04:25',0),(1252,'PROJECT.TASK.BENCHMARK.PERFORMANCE.CUSHION_DYNAMIC_STIFFNESS','减震垫动刚度','',NULL,NULL,NULL,NULL,NULL,NULL,NULL,143,'2016-09-02 03:04:25','2016-09-02 03:04:25',0),(1253,'PROJECT.TASK.BENCHMARK.PERFORMANCE.FULCRUM_DYNAMIC_STIFFNESS','支点动刚度','',NULL,NULL,NULL,NULL,NULL,NULL,NULL,143,'2016-09-02 03:04:25','2016-09-02 03:04:25',0),(1254,'PROJECT.TASK.BENCHMARK.PERFORMANCE.PULLING_FORCE','拉拔力',NULL,0,NULL,NULL,NULL,NULL,NULL,NULL,143,'2016-09-02 03:04:25','2016-09-02 03:04:25',0),(1255,'PROJECT.TASK.BENCHMARK.PERFORMANCE.TRANSMISSION_LOSS','传递损失','',NULL,NULL,NULL,NULL,NULL,NULL,NULL,143,'2016-09-02 03:04:25','2016-09-02 03:04:25',0),(1256,'PROJECT.TASK.BENCHMARK.PERFORMANCE.INSERTION_LOSS','插入损失','',NULL,NULL,NULL,NULL,NULL,NULL,NULL,143,'2016-09-02 03:04:25','2016-09-02 03:04:25',0),(1257,'PROJECT.TASK.BENCHMARK.VIHICLE.BRAND','品牌',NULL,NULL,NULL,NULL,NULL,NULL,NULL,NULL,144,'2016-09-02 03:04:30','2016-09-02 03:04:30',0),(1258,'PROJECT.TASK.BENCHMARK.VIHICLE.STYLE','车型',NULL,NULL,NULL,NULL,NULL,NULL,NULL,NULL,144,'2016-09-02 03:04:30','2016-09-02 03:04:30',0),(1259,'PROJECT.TASK.BENCHMARK.VIHICLE.YEAR','配置型号（车型年）',NULL,NULL,NULL,NULL,NULL,NULL,NULL,NULL,144,'2016-09-02 03:04:30','2016-09-02 03:04:30',0),(1260,'PROJECT.TASK.BENCHMARK.VIHICLE.PRICE','官方指导价',NULL,100,NULL,NULL,NULL,NULL,NULL,NULL,144,'2016-09-02 03:04:30','2016-09-02 03:04:30',0),(1261,'PROJECT.TASK.BENCHMARK.VIHICLE.BODYFORM','车体形式',NULL,NULL,NULL,NULL,NULL,NULL,NULL,NULL,144,'2016-09-02 03:04:30','2016-09-02 03:04:30',0),(1262,'PROJECT.TASK.BENCHMARK.VIHICLE.STYLELEVEL','车型级别',NULL,NULL,NULL,NULL,NULL,NULL,NULL,NULL,144,'2016-09-02 03:04:30','2016-09-02 03:04:30',0),(1263,'PROJECT.TASK.BENCHMARK.VIHICLE.ENGINE_EMISSION','发动机排量',NULL,0,NULL,NULL,NULL,NULL,NULL,NULL,144,'2016-09-02 03:04:30','2016-09-02 03:04:30',0),(1264,'PROJECT.TASK.BENCHMARK.VIHICLE.INTAKE_FORM','进气形式',NULL,NULL,NULL,NULL,NULL,NULL,NULL,NULL,144,'2016-09-02 03:04:30','2016-09-02 03:04:30',0),(1265,'PROJECT.TASK.BENCHMARK.VIHICLE.CYLINDER_ARRANGEMENT_FORM','气缸排列形式',NULL,NULL,NULL,NULL,NULL,NULL,NULL,NULL,144,'2016-09-02 03:04:30','2016-09-02 03:04:30',0),(1266,'PROJECT.TASK.BENCHMARK.VIHICLE.CYLINDER_NUM','气缸数',NULL,NULL,NULL,NULL,NULL,NULL,NULL,NULL,144,'2016-09-02 03:04:30','2016-09-02 03:04:30',0),(1267,'PROJECT.TASK.BENCHMARK.VIHICLE.MAX_HOUSE_POWER','最大马力（Ps）',NULL,0,NULL,NULL,NULL,NULL,NULL,NULL,144,'2016-09-02 03:04:30','2016-09-02 03:04:30',0),(1268,'PROJECT.TASK.BENCHMARK.VIHICLE.MAX_POWER','最大功率（KW）',NULL,0,NULL,NULL,NULL,NULL,NULL,NULL,144,'2016-09-02 03:04:30','2016-09-02 03:04:30',0),(1269,'PROJECT.TASK.BENCHMARK.VIHICLE.MAX_POWER_SPEED','最大功率转速（rpm）',NULL,0,NULL,NULL,NULL,NULL,NULL,NULL,144,'2016-09-02 03:04:30','2016-09-02 03:04:30',0),(1270,'PROJECT.TASK.BENCHMARK.VIHICLE.MAX_TORQUE','最大扭矩（N.m）',NULL,0,NULL,NULL,NULL,NULL,NULL,NULL,144,'2016-09-02 03:04:30','2016-09-02 03:04:30',0),(1271,'PROJECT.TASK.BENCHMARK.VIHICLE.MAX_TORQUE_SPEED','最大扭矩转速（rpm）',NULL,0,NULL,NULL,NULL,NULL,NULL,NULL,144,'2016-09-02 03:04:30','2016-09-02 03:04:30',0),(1272,'PROJECT.TASK.BENCHMARK.VIHICLE.DISASSEMBLE_TIME','拆解时间',NULL,NULL,NULL,NULL,NULL,NULL,NULL,NULL,144,'2016-09-02 03:04:30','2016-09-02 03:04:30',0),(1273,'PROJECT.TASK.BENCHMARK.VIHICLE.SGM_TYPE','与SGM对标车型',NULL,NULL,NULL,NULL,NULL,NULL,NULL,NULL,144,'2016-09-02 03:04:30','2016-09-02 03:04:30',0),(1274,'PROJECT.TASK.BENCHMARK.VIHICLE.VEHICLE_MODULUS_NUM','整车数模号','整车数模号',NULL,NULL,NULL,NULL,NULL,NULL,NULL,144,'2016-09-02 03:04:30','2016-09-02 03:04:30',0),(1275,'PROJECT.TASK.BENCHMARK.VIHICLE.INTAKE_SYSTEM_MODULUS_NUM','进气系统数模号','AHE28708',NULL,NULL,NULL,NULL,NULL,NULL,NULL,144,'2016-09-02 03:04:30','2016-09-02 03:04:30',0),(1276,'PROJECT.TASK.BENCHMARK.VIHICLE.SUPPLIER','供应商','上海美嘉',NULL,NULL,NULL,NULL,NULL,NULL,NULL,144,'2016-09-02 03:04:30','2016-09-02 03:04:30',0),(1277,'PROJECT.TASK.BENCHMARK.VIHICLE.ADVANTAGE','设计亮点','位于tie bar 上方，较好的涉水性能',NULL,NULL,NULL,NULL,NULL,NULL,NULL,144,'2016-09-02 03:04:30','2016-09-02 03:04:30',0),(1278,'PROJECT.TASK.BENCHMARK.INTAKE_PIPE.MASS','零件重量',NULL,0,NULL,NULL,NULL,NULL,NULL,NULL,145,'2016-09-02 03:04:30','2016-09-02 03:04:30',0),(1279,'PROJECT.TASK.BENCHMARK.INTAKE_PIPE.VOLUMN','零件容积',NULL,0,NULL,NULL,NULL,NULL,NULL,NULL,145,'2016-09-02 03:04:30','2016-09-02 03:04:30',0),(1280,'PROJECT.TASK.BENCHMARK.INTAKE_PIPE.WALLTHICKNESS','零件壁厚',NULL,0,NULL,NULL,NULL,NULL,NULL,NULL,145,'2016-09-02 03:04:30','2016-09-02 03:04:30',0),(1281,'PROJECT.TASK.BENCHMARK.INTAKE_PIPE.DIMENSIONL','零件尺寸（长）',NULL,0,NULL,NULL,NULL,NULL,NULL,NULL,145,'2016-09-02 03:04:30','2016-09-02 03:04:30',0),(1282,'PROJECT.TASK.BENCHMARK.INTAKE_PIPE.DIMENSIONW','零件尺寸（宽）',NULL,0,NULL,NULL,NULL,NULL,NULL,NULL,145,'2016-09-02 03:04:30','2016-09-02 03:04:30',0),(1283,'PROJECT.TASK.BENCHMARK.INTAKE_PIPE.DIMENSIONH','零件尺寸（高）',NULL,0,NULL,NULL,NULL,NULL,NULL,NULL,145,'2016-09-02 03:04:30','2016-09-02 03:04:30',0),(1284,'PROJECT.TASK.BENCHMARK.INTAKE_PIPE.MATERIAL','零件材质',NULL,NULL,NULL,NULL,NULL,NULL,NULL,NULL,145,'2016-09-02 03:04:30','2016-09-02 03:04:30',0),(1285,'PROJECT.TASK.BENCHMARK.INTAKE_PIPE.INTAKE_PORT_POS','进气口位置','tie bar之上',NULL,NULL,NULL,NULL,NULL,NULL,NULL,145,'2016-09-02 03:04:30','2016-09-02 03:04:30',0),(1286,'PROJECT.TASK.BENCHMARK.INTAKE_PIPE.INTAKE_PORT_AREA','进气口面积',NULL,0,NULL,NULL,NULL,NULL,NULL,NULL,145,'2016-09-02 03:04:30','2016-09-02 03:04:30',0),(1287,'PROJECT.TASK.BENCHMARK.INTAKE_PIPE.CRAFTS','工艺',NULL,NULL,NULL,NULL,NULL,NULL,NULL,NULL,145,'2016-09-02 03:04:30','2016-09-02 03:04:30',0),(1288,'PROJECT.TASK.BENCHMARK.INTAKE_PIPE.WATER_PROOF','防水措施','防水零件:',NULL,NULL,NULL,NULL,NULL,NULL,NULL,145,'2016-09-02 03:04:30','2016-09-02 03:04:30',0),(1289,'PROJECT.TASK.BENCHMARK.INTAKE_PIPE.THERMAL','thermal措施','通过何种方式隔绝前舱热空气：',NULL,NULL,NULL,NULL,NULL,NULL,NULL,145,'2016-09-02 03:04:30','2016-09-02 03:04:30',0),(1290,'PROJECT.TASK.BENCHMARK.INTAKE_PIPE.MOUNTING_POINT','谐振器安装点','数量 3, 螺栓, 螺母, 支架',NULL,NULL,NULL,NULL,NULL,NULL,NULL,145,'2016-09-02 03:04:30','2016-09-02 03:04:30',0),(1291,'PROJECT.TASK.BENCHMARK.INTAKE_PIPE.GAP_SURROUNDING','进气管周边零件间隙','',0,NULL,NULL,NULL,NULL,NULL,NULL,145,'2016-09-02 03:04:30','2016-09-02 03:04:30',0),(1292,'PROJECT.TASK.BENCHMARK.RESONATOR.MASS','零件重量',NULL,0,NULL,NULL,NULL,NULL,NULL,NULL,146,'2016-09-02 03:04:30','2016-09-02 03:04:30',0),(1293,'PROJECT.TASK.BENCHMARK.RESONATOR.VOLUMN','零件容积',NULL,0,NULL,NULL,NULL,NULL,NULL,NULL,146,'2016-09-02 03:04:30','2016-09-02 03:04:30',0),(1294,'PROJECT.TASK.BENCHMARK.RESONATOR.WALLTHICKNESS','零件壁厚',NULL,0,NULL,NULL,NULL,NULL,NULL,NULL,146,'2016-09-02 03:04:30','2016-09-02 03:04:30',0),(1295,'PROJECT.TASK.BENCHMARK.RESONATOR.MATERIAL','零件材质',NULL,NULL,NULL,NULL,NULL,NULL,NULL,NULL,146,'2016-09-02 03:04:30','2016-09-02 03:04:30',0),(1296,'PROJECT.TASK.BENCHMARK.RESONATOR.CRAFTS','工艺',NULL,NULL,NULL,NULL,NULL,NULL,NULL,NULL,146,'2016-09-02 03:04:30','2016-09-02 03:04:30',0),(1297,'PROJECT.TASK.BENCHMARK.RESONATOR.WATER_HOLE','落水孔',NULL,NULL,NULL,NULL,NULL,NULL,NULL,NULL,146,'2016-09-02 03:04:30','2016-09-02 03:04:30',0),(1298,'PROJECT.TASK.BENCHMARK.RESONATOR.MOUNTING_POINT','谐振器安装点','数量 3, 螺栓, 螺母, 支架',NULL,NULL,NULL,NULL,NULL,NULL,NULL,146,'2016-09-02 03:04:30','2016-09-02 03:04:30',0),(1299,'PROJECT.TASK.BENCHMARK.RESONATOR.GAP_SURROUNDING','谐振器周边零件间隙','',0,NULL,NULL,NULL,NULL,NULL,NULL,146,'2016-09-02 03:04:30','2016-09-02 03:04:30',0),(1300,'PROJECT.TASK.BENCHMARK.AIR_FILTER.MASS','零件重量',NULL,0,NULL,NULL,NULL,NULL,NULL,NULL,147,'2016-09-02 03:04:30','2016-09-02 03:04:30',0),(1301,'PROJECT.TASK.BENCHMARK.AIR_FILTER.VOLUMN','零件容积',NULL,0,NULL,NULL,NULL,NULL,NULL,NULL,147,'2016-09-02 03:04:30','2016-09-02 03:04:30',0),(1302,'PROJECT.TASK.BENCHMARK.AIR_FILTER.WALLTHICKNESS','零件壁厚',NULL,0,NULL,NULL,NULL,NULL,NULL,NULL,147,'2016-09-02 03:04:30','2016-09-02 03:04:30',0),(1303,'PROJECT.TASK.BENCHMARK.AIR_FILTER.MATERIAL','零件材质',NULL,NULL,NULL,NULL,NULL,NULL,NULL,NULL,147,'2016-09-02 03:04:30','2016-09-02 03:04:30',0),(1304,'PROJECT.TASK.BENCHMARK.AIR_FILTER.CRAFTS','工艺',NULL,NULL,NULL,NULL,NULL,NULL,NULL,NULL,147,'2016-09-02 03:04:30','2016-09-02 03:04:30',0),(1305,'PROJECT.TASK.BENCHMARK.AIR_FILTER.DIMENSIONL','零件尺寸（长）',NULL,0,NULL,NULL,NULL,NULL,NULL,NULL,147,'2016-09-02 03:04:30','2016-09-02 03:04:30',0),(1306,'PROJECT.TASK.BENCHMARK.AIR_FILTER.DIMENSIONW','零件尺寸（宽）',NULL,0,NULL,NULL,NULL,NULL,NULL,NULL,147,'2016-09-02 03:04:30','2016-09-02 03:04:30',0),(1307,'PROJECT.TASK.BENCHMARK.AIR_FILTER.DIMENSIONH','零件尺寸（高）',NULL,0,NULL,NULL,NULL,NULL,NULL,NULL,147,'2016-09-02 03:04:30','2016-09-02 03:04:30',0),(1308,'PROJECT.TASK.BENCHMARK.AIR_FILTER.FILTER','滤芯',NULL,0,NULL,NULL,NULL,NULL,NULL,NULL,147,'2016-09-02 03:04:30','2016-09-02 03:04:30',0),(1309,'PROJECT.TASK.BENCHMARK.AIR_FILTER.WATER_HOLE','落水孔',NULL,NULL,NULL,NULL,NULL,NULL,NULL,NULL,147,'2016-09-02 03:04:30','2016-09-02 03:04:30',0),(1310,'PROJECT.TASK.BENCHMARK.AIR_FILTER.HIGH_FREQUENCY_RESONATOR','高频谐振器',NULL,NULL,NULL,NULL,NULL,NULL,NULL,NULL,147,'2016-09-02 03:04:30','2016-09-02 03:04:30',0),(1311,'PROJECT.TASK.BENCHMARK.AIR_FILTER.SENSORSFORM','传感器形式',NULL,NULL,NULL,NULL,NULL,NULL,NULL,NULL,147,'2016-09-02 03:04:30','2016-09-02 03:04:30',0),(1312,'PROJECT.TASK.BENCHMARK.AIR_FILTER.MOUNTING_POINT','空滤安装点','数量 3, 螺栓, 螺母, 支架',NULL,NULL,NULL,NULL,NULL,NULL,NULL,147,'2016-09-02 03:04:30','2016-09-02 03:04:30',0),(1313,'PROJECT.TASK.BENCHMARK.AIR_FILTER.GAP_SURROUNDING','空滤周边零件间隙','',0,NULL,NULL,NULL,NULL,NULL,NULL,147,'2016-09-02 03:04:30','2016-09-02 03:04:30',0),(1314,'PROJECT.TASK.BENCHMARK.OUTTAKE_PIPE.MASS','零件重量',NULL,0,NULL,NULL,NULL,NULL,NULL,NULL,148,'2016-09-02 03:04:30','2016-09-02 03:04:30',0),(1315,'PROJECT.TASK.BENCHMARK.OUTTAKE_PIPE.MATERIAL','零件材质',NULL,NULL,NULL,NULL,NULL,NULL,NULL,NULL,148,'2016-09-02 03:04:30','2016-09-02 03:04:30',0),(1316,'PROJECT.TASK.BENCHMARK.OUTTAKE_PIPE.CRAFTS','工艺',NULL,NULL,NULL,NULL,NULL,NULL,NULL,NULL,148,'2016-09-02 03:04:30','2016-09-02 03:04:30',0),(1317,'PROJECT.TASK.BENCHMARK.OUTTAKE_PIPE.WALLTHICKNESS','零件壁厚',NULL,0,NULL,NULL,NULL,NULL,NULL,NULL,148,'2016-09-02 03:04:30','2016-09-02 03:04:30',0),(1318,'PROJECT.TASK.BENCHMARK.OUTTAKE_PIPE.VOLUMN','零件容积',NULL,0,NULL,NULL,NULL,NULL,NULL,NULL,148,'2016-09-02 03:04:30','2016-09-02 03:04:30',0),(1319,'PROJECT.TASK.BENCHMARK.OUTTAKE_PIPE.DIMENSIONL','零件尺寸（长）',NULL,0,NULL,NULL,NULL,NULL,NULL,NULL,148,'2016-09-02 03:04:30','2016-09-02 03:04:30',0),(1320,'PROJECT.TASK.BENCHMARK.OUTTAKE_PIPE.DIMENSIONW','零件尺寸（宽）',NULL,0,NULL,NULL,NULL,NULL,NULL,NULL,148,'2016-09-02 03:04:30','2016-09-02 03:04:30',0),(1321,'PROJECT.TASK.BENCHMARK.OUTTAKE_PIPE.DIMENSIONH','零件尺寸（高）',NULL,0,NULL,NULL,NULL,NULL,NULL,NULL,148,'2016-09-02 03:04:30','2016-09-02 03:04:30',0),(1322,'PROJECT.TASK.BENCHMARK.OUTTAKE_PIPE.HIGH_FREQUENCY_RESONATOR','高频谐振器',NULL,NULL,NULL,NULL,NULL,NULL,NULL,NULL,148,'2016-09-02 03:04:30','2016-09-02 03:04:30',0),(1323,'PROJECT.TASK.BENCHMARK.OUTTAKE_PIPE.CLAMPS_NUM','卡箍(数量)',NULL,0,NULL,NULL,NULL,NULL,NULL,NULL,148,'2016-09-02 03:04:30','2016-09-02 03:04:30',0),(1324,'PROJECT.TASK.BENCHMARK.OUTTAKE_PIPE.CLAMPSW','卡箍(宽度mm)',NULL,0,NULL,NULL,NULL,NULL,NULL,NULL,148,'2016-09-02 03:04:30','2016-09-02 03:04:30',0),(1325,'PROJECT.TASK.BENCHMARK.OUTTAKE_PIPE.CLAMPS_WALLTHICKNESS','卡箍(壁厚mm)',NULL,0,NULL,NULL,NULL,NULL,NULL,NULL,148,'2016-09-02 03:04:30','2016-09-02 03:04:30',0),(1326,'PROJECT.TASK.BENCHMARK.OUTTAKE_PIPE.OUTLET_PIPE_SIZE','出气管尺寸',NULL,0,NULL,NULL,NULL,NULL,NULL,NULL,148,'2016-09-02 03:04:30','2016-09-02 03:04:30',0),(1327,'PROJECT.TASK.BENCHMARK.OUTTAKE_PIPE.THROTTLE_SIZE','节气门尺寸',NULL,0,NULL,NULL,NULL,NULL,NULL,NULL,148,'2016-09-02 03:04:30','2016-09-02 03:04:30',0),(1328,'PROJECT.TASK.BENCHMARK.OUTTAKE_PIPE.PCV_BOX_VOLUMN','PCV Box体积',NULL,0,NULL,NULL,NULL,NULL,NULL,NULL,148,'2016-09-02 03:04:30','2016-09-02 03:04:30',0),(1329,'PROJECT.TASK.BENCHMARK.OUTTAKE_PIPE.PCV_MAF_DIS','PCV与MAF之间距离',NULL,0,NULL,NULL,NULL,NULL,NULL,NULL,148,'2016-09-02 03:04:30','2016-09-02 03:04:30',0),(1330,'PROJECT.TASK.BENCHMARK.OUTTAKE_PIPE.GAP_SURROUNDING','出气管周边零件间隙','',0,NULL,NULL,NULL,NULL,NULL,NULL,148,'2016-09-02 03:04:30','2016-09-02 03:04:30',0),(1331,'PROJECT.TASK.BENCHMARK.PERFORMANCE.BP','压力降',NULL,0,NULL,NULL,NULL,NULL,NULL,NULL,149,'2016-09-02 03:04:30','2016-09-02 03:04:30',0),(1332,'PROJECT.TASK.BENCHMARK.PERFORMANCE.SYSTEM_MODAL','系统模态',NULL,0,NULL,NULL,NULL,NULL,NULL,NULL,149,'2016-09-02 03:04:30','2016-09-02 03:04:30',0),(1333,'PROJECT.TASK.BENCHMARK.PERFORMANCE.INTAKE_NOISE','进气口噪音','',NULL,NULL,NULL,NULL,NULL,NULL,NULL,149,'2016-09-02 03:04:30','2016-09-02 03:04:30',0),(1334,'PROJECT.TASK.BENCHMARK.PERFORMANCE.RADIATION_NOISE','辐射噪音','',NULL,NULL,NULL,NULL,NULL,NULL,NULL,149,'2016-09-02 03:04:30','2016-09-02 03:04:30',0),(1335,'PROJECT.TASK.BENCHMARK.PERFORMANCE.FILTRATION_EFFICIENCY','过滤效率',NULL,0,NULL,NULL,NULL,NULL,NULL,NULL,149,'2016-09-02 03:04:30','2016-09-02 03:04:30',0),(1336,'PROJECT.TASK.BENCHMARK.PERFORMANCE.DUST_HOLDING_CAPACITY','容尘量',NULL,0,NULL,NULL,NULL,NULL,NULL,NULL,149,'2016-09-02 03:04:30','2016-09-02 03:04:30',0),(1337,'PROJECT.TASK.BENCHMARK.PERFORMANCE.FILTER_LEAKAGE','滤芯泄漏量',NULL,0,NULL,NULL,NULL,NULL,NULL,NULL,149,'2016-09-02 03:04:30','2016-09-02 03:04:30',0),(1338,'PROJECT.TASK.BENCHMARK.PERFORMANCE.CUSHION_DYNAMIC_STIFFNESS','减震垫动刚度','',NULL,NULL,NULL,NULL,NULL,NULL,NULL,149,'2016-09-02 03:04:30','2016-09-02 03:04:30',0),(1339,'PROJECT.TASK.BENCHMARK.PERFORMANCE.FULCRUM_DYNAMIC_STIFFNESS','支点动刚度','',NULL,NULL,NULL,NULL,NULL,NULL,NULL,149,'2016-09-02 03:04:30','2016-09-02 03:04:30',0),(1340,'PROJECT.TASK.BENCHMARK.PERFORMANCE.PULLING_FORCE','拉拔力',NULL,0,NULL,NULL,NULL,NULL,NULL,NULL,149,'2016-09-02 03:04:30','2016-09-02 03:04:30',0),(1341,'PROJECT.TASK.BENCHMARK.PERFORMANCE.TRANSMISSION_LOSS','传递损失','',NULL,NULL,NULL,NULL,NULL,NULL,NULL,149,'2016-09-02 03:04:30','2016-09-02 03:04:30',0),(1342,'PROJECT.TASK.BENCHMARK.PERFORMANCE.INSERTION_LOSS','插入损失','',NULL,NULL,NULL,NULL,NULL,NULL,NULL,149,'2016-09-02 03:04:30','2016-09-02 03:04:30',0),(1343,'PROJECT.TASK.PPV_MRD.BOM_CHECK','PPV BOM check',NULL,0,NULL,'','\0',NULL,NULL,NULL,150,'2016-09-02 03:04:44','2016-09-02 03:04:44',0),(1344,'PROJECT.TASK.PPV_MRD.SIZE_CHECK','尺寸检查',NULL,0,NULL,'','\0',NULL,NULL,NULL,150,'2016-09-02 03:04:44','2016-09-02 03:04:44',0),(1345,'PROJECT.TASK.PPV_MRD.BP','背压／压力将(kpa)',NULL,0,NULL,'bpMax','\0',NULL,NULL,NULL,150,'2016-09-02 03:04:44','2016-09-02 03:04:44',0),(1346,'PROJECT.TASK.PPV_MRD.TRANSMISSIONLOSE','传递损失',NULL,0,NULL,'','\0',NULL,NULL,NULL,150,'2016-09-02 03:04:44','2016-09-02 03:04:44',0),(1347,'PROJECT.TASK.PPV_MRD.MASS','重量(kg)',NULL,0,NULL,'massMax','\0',NULL,NULL,NULL,150,'2016-09-02 03:04:44','2016-09-02 03:04:44',0),(1348,'PROJECT.TASK.PPV_MRD.MAF','MAF 5*5',NULL,0,NULL,'','\0',NULL,NULL,NULL,150,'2016-09-02 03:04:44','2016-09-02 03:04:44',0),(1349,'PROJECT.TASK.PPV_MRD.HARD_MODEL','硬模',NULL,0,NULL,'','\0',NULL,NULL,NULL,150,'2016-09-02 03:04:44','2016-09-02 03:04:44',0),(1350,'PROJECT.TASK.PPV_MRD.TEST_TOOL1','检具',NULL,0,NULL,'','\0',NULL,NULL,NULL,150,'2016-09-02 03:04:44','2016-09-02 03:04:44',0),(1351,'PROJECT.TASK.PPV_MRD.TEST_TOOL2','检具',NULL,0,NULL,'','\0',NULL,NULL,NULL,150,'2016-09-02 03:04:44','2016-09-02 03:04:44',0),(1352,'PROJECT.PLATFORM','platform','',NULL,NULL,NULL,NULL,NULL,88,NULL,NULL,'2016-09-03 00:43:44','2016-09-03 00:43:44',0),(1353,'PROJECT.BODY_STYLE','body style','',NULL,NULL,NULL,NULL,NULL,88,NULL,NULL,'2016-09-03 00:43:44','2016-09-03 00:43:44',0),(1354,'PROJECT.ENGINE.LABEL','engine','1.0T',NULL,NULL,NULL,NULL,62,NULL,NULL,NULL,'2016-09-03 00:43:44','2016-09-03 00:43:44',0),(1355,'PROJECT.ENGINE.TRANSMISSON','Transmission','transmission1',NULL,NULL,NULL,NULL,62,NULL,NULL,NULL,'2016-09-03 00:43:44','2016-09-03 00:43:44',0),(1356,'PROJECT.ENGINE.DRIVELINE','Driveline','Driveline1',NULL,NULL,NULL,NULL,62,NULL,NULL,NULL,'2016-09-03 00:43:44','2016-09-03 00:43:44',0),(1357,'PROJECT.ENGINE.EMISSIONS_REGULARTION_LEVEL','Emissions Regulation level','Emissions Regulation level1',NULL,NULL,NULL,NULL,62,NULL,NULL,NULL,'2016-09-03 00:43:44','2016-09-03 00:43:44',0),(1358,'PROJECT.ENGINE.COLD_ENGINE_IDLE_SPEED','cold engine idle speed','cold engine idle speed1',NULL,NULL,NULL,NULL,62,NULL,NULL,NULL,'2016-09-03 00:43:44','2016-09-03 00:43:44',0),(1359,'PROJECT.ENGINE.WARM_ENGINE_IDLE_SPEED','warm engine idle speed','warm engine idle speed1',NULL,NULL,NULL,NULL,62,NULL,NULL,NULL,'2016-09-03 00:43:44','2016-09-03 00:43:44',0),(1360,'PROJECT.ENGINE.PASS_BY_REQUIREMENT','Pass By Requirement',NULL,0,NULL,NULL,NULL,62,NULL,NULL,NULL,'2016-09-03 00:43:44','2016-09-03 00:43:44',0),(1361,'PROJECT.ENGINE.WARRANTY','Warranty',NULL,0,NULL,NULL,NULL,62,NULL,NULL,NULL,'2016-09-03 00:43:44','2016-09-03 00:43:44',0),(1362,'PROJECT.ENGINE.TARGET_DESIGN_LIFE','Target design life','Target design life1',NULL,NULL,NULL,NULL,62,NULL,NULL,NULL,'2016-09-03 00:43:44','2016-09-03 00:43:44',0),(1363,'PROJECT.ENGINE.INSULATOR_DPDS_REQUIREMENT','Insulator DPDS Requirement',NULL,NULL,NULL,NULL,NULL,62,NULL,NULL,NULL,'2016-09-03 00:43:44','2016-09-03 00:43:44',0),(1364,'PROJECT.ENGINE.PANEL_MODE_REQUIREMENT','Panel Mode Requirement',NULL,0,NULL,NULL,NULL,62,NULL,NULL,NULL,'2016-09-03 00:43:44','2016-09-03 00:43:44',0),(1365,'PROJECT.ENGINE.HANGER_NATRURAL_FREQUENCY_REQUIREMENT','Hanger Natrural Frequency Requirement',NULL,0,NULL,NULL,NULL,62,NULL,NULL,NULL,'2016-09-03 00:43:44','2016-09-03 00:43:44',0),(1366,'PROJECT.ENGINE.MASS_TARGET','Mass Target',NULL,0,NULL,NULL,NULL,62,NULL,NULL,NULL,'2016-09-03 00:43:44','2016-09-03 00:43:44',0),(1367,'PROJECT.ENGINE.RATED_POWER_AT_SPEED','Rated Power@ speed  (Power @ RPM) ',NULL,0,NULL,NULL,NULL,62,NULL,NULL,NULL,'2016-09-03 00:43:44','2016-09-03 00:43:44',0),(1368,'PROJECT.ENGINE.MAXIMUM_ENGINE_RPM','Maximum engine RPM',NULL,0,NULL,NULL,NULL,62,NULL,NULL,NULL,'2016-09-03 00:43:44','2016-09-03 00:43:44',0),(1369,'PROJECT.ENGINE.MINIMUM_ENGINE_RPM','Minimum engine RPM',NULL,0,NULL,NULL,NULL,62,NULL,NULL,NULL,'2016-09-03 00:43:44','2016-09-03 00:43:44',0),(1370,'PROJECT.ENGINE.MAXIMUM_AIR_FLOW','Maximum air flow g/sec (above peak power)',NULL,0,NULL,NULL,NULL,62,NULL,NULL,NULL,'2016-09-03 00:43:44','2016-09-03 00:43:44',0),(1371,'PROJECT.ENGINE.MINIMUM_AIR_FLOW','Minimum air flow g/sec  (at XXX RPM idle)',NULL,0,NULL,NULL,NULL,62,NULL,NULL,NULL,'2016-09-03 00:43:44','2016-09-03 00:43:44',0),(1372,'PROJECT.ENGINE.INLET_PRESSURE_LOSS_AND_FLOW','Inlet Pressure Loss and Flow (XX kPa @ YY g/s)',NULL,0,NULL,NULL,NULL,62,NULL,NULL,NULL,'2016-09-03 00:43:44','2016-09-03 00:43:44',0),(1373,'PROJECT.ENGINE.TOTAL_SYSTEM_EXHAUST_BACKPRESSURE_AND_FLOW','Total System Exhaust Backpressure and Flow (XX kPa @ YY g/s & ZZ deg C)',NULL,0,NULL,NULL,NULL,62,NULL,NULL,NULL,'2016-09-03 00:43:44','2016-09-03 00:43:44',0),(1374,'PROJECT.ENGINE.SYSTEM_BACKPRESSURE_POST_1ST_AFTER_TREATMENT','System Backpressure Post 1st Aftertreatment  (XX kPa @ YY g/s & ZZ deg C)',NULL,0,NULL,NULL,NULL,62,NULL,NULL,NULL,'2016-09-03 00:43:44','2016-09-03 00:43:44',0),(1375,'PROJECT.ENGINE.PT_AFTER_TREATMENT_BACKPRESSURE_ALLOCATION','PT Aftertreatment Backpressure Allocation (xx kPa @ yy g/s & zz deg C)',NULL,0,NULL,NULL,NULL,62,NULL,NULL,NULL,'2016-09-03 00:43:44','2016-09-03 00:43:44',0),(1376,'PROJECT.TASK.BENCHMARK.VIHICLE.BRAND','品牌',NULL,NULL,NULL,NULL,NULL,NULL,NULL,NULL,151,'2016-09-03 00:45:39','2016-09-03 00:45:39',0),(1377,'PROJECT.TASK.BENCHMARK.VIHICLE.STYLE','车型',NULL,NULL,NULL,NULL,NULL,NULL,NULL,NULL,151,'2016-09-03 00:45:39','2016-09-03 00:45:39',0),(1378,'PROJECT.TASK.BENCHMARK.VIHICLE.YEAR','配置型号（车型年）',NULL,NULL,NULL,NULL,NULL,NULL,NULL,NULL,151,'2016-09-03 00:45:39','2016-09-03 00:45:39',0),(1379,'PROJECT.TASK.BENCHMARK.VIHICLE.PRICE','官方指导价',NULL,100,NULL,NULL,NULL,NULL,NULL,NULL,151,'2016-09-03 00:45:39','2016-09-03 00:45:39',0),(1380,'PROJECT.TASK.BENCHMARK.VIHICLE.BODYFORM','车体形式',NULL,NULL,NULL,NULL,NULL,NULL,NULL,NULL,151,'2016-09-03 00:45:39','2016-09-03 00:45:39',0),(1381,'PROJECT.TASK.BENCHMARK.VIHICLE.STYLELEVEL','车型级别',NULL,NULL,NULL,NULL,NULL,NULL,NULL,NULL,151,'2016-09-03 00:45:39','2016-09-03 00:45:39',0),(1382,'PROJECT.TASK.BENCHMARK.VIHICLE.ENGINE_EMISSION','发动机排量',NULL,0,NULL,NULL,NULL,NULL,NULL,NULL,151,'2016-09-03 00:45:39','2016-09-03 00:45:39',0),(1383,'PROJECT.TASK.BENCHMARK.VIHICLE.INTAKE_FORM','进气形式',NULL,NULL,NULL,NULL,NULL,NULL,NULL,NULL,151,'2016-09-03 00:45:39','2016-09-03 00:45:39',0),(1384,'PROJECT.TASK.BENCHMARK.VIHICLE.CYLINDER_ARRANGEMENT_FORM','气缸排列形式',NULL,NULL,NULL,NULL,NULL,NULL,NULL,NULL,151,'2016-09-03 00:45:39','2016-09-03 00:45:39',0),(1385,'PROJECT.TASK.BENCHMARK.VIHICLE.CYLINDER_NUM','气缸数',NULL,NULL,NULL,NULL,NULL,NULL,NULL,NULL,151,'2016-09-03 00:45:39','2016-09-03 00:45:39',0),(1386,'PROJECT.TASK.BENCHMARK.VIHICLE.MAX_HOUSE_POWER','最大马力（Ps）',NULL,0,NULL,NULL,NULL,NULL,NULL,NULL,151,'2016-09-03 00:45:39','2016-09-03 00:45:39',0),(1387,'PROJECT.TASK.BENCHMARK.VIHICLE.MAX_POWER','最大功率（KW）',NULL,0,NULL,NULL,NULL,NULL,NULL,NULL,151,'2016-09-03 00:45:39','2016-09-03 00:45:39',0),(1388,'PROJECT.TASK.BENCHMARK.VIHICLE.MAX_POWER_SPEED','最大功率转速（rpm）',NULL,0,NULL,NULL,NULL,NULL,NULL,NULL,151,'2016-09-03 00:45:39','2016-09-03 00:45:39',0),(1389,'PROJECT.TASK.BENCHMARK.VIHICLE.MAX_TORQUE','最大扭矩（N.m）',NULL,0,NULL,NULL,NULL,NULL,NULL,NULL,151,'2016-09-03 00:45:39','2016-09-03 00:45:39',0),(1390,'PROJECT.TASK.BENCHMARK.VIHICLE.MAX_TORQUE_SPEED','最大扭矩转速（rpm）',NULL,0,NULL,NULL,NULL,NULL,NULL,NULL,151,'2016-09-03 00:45:39','2016-09-03 00:45:39',0),(1391,'PROJECT.TASK.BENCHMARK.VIHICLE.DISASSEMBLE_TIME','拆解时间',NULL,NULL,NULL,NULL,NULL,NULL,NULL,NULL,151,'2016-09-03 00:45:39','2016-09-03 00:45:39',0),(1392,'PROJECT.TASK.BENCHMARK.VIHICLE.SGM_TYPE','与SGM对标车型',NULL,NULL,NULL,NULL,NULL,NULL,NULL,NULL,151,'2016-09-03 00:45:39','2016-09-03 00:45:39',0),(1393,'PROJECT.TASK.BENCHMARK.VIHICLE.VEHICLE_MODULUS_NUM','整车数模号','整车数模号',NULL,NULL,NULL,NULL,NULL,NULL,NULL,151,'2016-09-03 00:45:39','2016-09-03 00:45:39',0),(1394,'PROJECT.TASK.BENCHMARK.VIHICLE.INTAKE_SYSTEM_MODULUS_NUM','进气系统数模号','AHE28708',NULL,NULL,NULL,NULL,NULL,NULL,NULL,151,'2016-09-03 00:45:39','2016-09-03 00:45:39',0),(1395,'PROJECT.TASK.BENCHMARK.VIHICLE.SUPPLIER','供应商','上海美嘉',NULL,NULL,NULL,NULL,NULL,NULL,NULL,151,'2016-09-03 00:45:39','2016-09-03 00:45:39',0),(1396,'PROJECT.TASK.BENCHMARK.VIHICLE.ADVANTAGE','设计亮点','位于tie bar 上方，较好的涉水性能',NULL,NULL,NULL,NULL,NULL,NULL,NULL,151,'2016-09-03 00:45:39','2016-09-03 00:45:39',0),(1397,'PROJECT.TASK.BENCHMARK.INTAKE_PIPE.MASS','零件重量',NULL,0,NULL,NULL,NULL,NULL,NULL,NULL,152,'2016-09-03 00:45:39','2016-09-03 00:45:39',0),(1398,'PROJECT.TASK.BENCHMARK.INTAKE_PIPE.VOLUMN','零件容积',NULL,0,NULL,NULL,NULL,NULL,NULL,NULL,152,'2016-09-03 00:45:39','2016-09-03 00:45:39',0),(1399,'PROJECT.TASK.BENCHMARK.INTAKE_PIPE.WALLTHICKNESS','零件壁厚',NULL,0,NULL,NULL,NULL,NULL,NULL,NULL,152,'2016-09-03 00:45:39','2016-09-03 00:45:39',0),(1400,'PROJECT.TASK.BENCHMARK.INTAKE_PIPE.DIMENSIONL','零件尺寸（长）',NULL,0,NULL,NULL,NULL,NULL,NULL,NULL,152,'2016-09-03 00:45:39','2016-09-03 00:45:39',0),(1401,'PROJECT.TASK.BENCHMARK.INTAKE_PIPE.DIMENSIONW','零件尺寸（宽）',NULL,0,NULL,NULL,NULL,NULL,NULL,NULL,152,'2016-09-03 00:45:39','2016-09-03 00:45:39',0),(1402,'PROJECT.TASK.BENCHMARK.INTAKE_PIPE.DIMENSIONH','零件尺寸（高）',NULL,0,NULL,NULL,NULL,NULL,NULL,NULL,152,'2016-09-03 00:45:39','2016-09-03 00:45:39',0),(1403,'PROJECT.TASK.BENCHMARK.INTAKE_PIPE.MATERIAL','零件材质',NULL,NULL,NULL,NULL,NULL,NULL,NULL,NULL,152,'2016-09-03 00:45:39','2016-09-03 00:45:39',0),(1404,'PROJECT.TASK.BENCHMARK.INTAKE_PIPE.INTAKE_PORT_POS','进气口位置','tie bar之上',NULL,NULL,NULL,NULL,NULL,NULL,NULL,152,'2016-09-03 00:45:39','2016-09-03 00:45:39',0),(1405,'PROJECT.TASK.BENCHMARK.INTAKE_PIPE.INTAKE_PORT_AREA','进气口面积',NULL,0,NULL,NULL,NULL,NULL,NULL,NULL,152,'2016-09-03 00:45:39','2016-09-03 00:45:39',0),(1406,'PROJECT.TASK.BENCHMARK.INTAKE_PIPE.CRAFTS','工艺',NULL,NULL,NULL,NULL,NULL,NULL,NULL,NULL,152,'2016-09-03 00:45:39','2016-09-03 00:45:39',0),(1407,'PROJECT.TASK.BENCHMARK.INTAKE_PIPE.WATER_PROOF','防水措施','防水零件:',NULL,NULL,NULL,NULL,NULL,NULL,NULL,152,'2016-09-03 00:45:39','2016-09-03 00:45:39',0),(1408,'PROJECT.TASK.BENCHMARK.INTAKE_PIPE.THERMAL','thermal措施','通过何种方式隔绝前舱热空气：',NULL,NULL,NULL,NULL,NULL,NULL,NULL,152,'2016-09-03 00:45:39','2016-09-03 00:45:39',0),(1409,'PROJECT.TASK.BENCHMARK.INTAKE_PIPE.MOUNTING_POINT','谐振器安装点','数量 3, 螺栓, 螺母, 支架',NULL,NULL,NULL,NULL,NULL,NULL,NULL,152,'2016-09-03 00:45:39','2016-09-03 00:45:39',0),(1410,'PROJECT.TASK.BENCHMARK.INTAKE_PIPE.GAP_SURROUNDING','进气管周边零件间隙','',0,NULL,NULL,NULL,NULL,NULL,NULL,152,'2016-09-03 00:45:39','2016-09-03 00:45:39',0),(1411,'PROJECT.TASK.BENCHMARK.RESONATOR.MASS','零件重量',NULL,0,NULL,NULL,NULL,NULL,NULL,NULL,153,'2016-09-03 00:45:39','2016-09-03 00:45:39',0),(1412,'PROJECT.TASK.BENCHMARK.RESONATOR.VOLUMN','零件容积',NULL,0,NULL,NULL,NULL,NULL,NULL,NULL,153,'2016-09-03 00:45:39','2016-09-03 00:45:39',0),(1413,'PROJECT.TASK.BENCHMARK.RESONATOR.WALLTHICKNESS','零件壁厚',NULL,0,NULL,NULL,NULL,NULL,NULL,NULL,153,'2016-09-03 00:45:39','2016-09-03 00:45:39',0),(1414,'PROJECT.TASK.BENCHMARK.RESONATOR.MATERIAL','零件材质',NULL,NULL,NULL,NULL,NULL,NULL,NULL,NULL,153,'2016-09-03 00:45:39','2016-09-03 00:45:39',0),(1415,'PROJECT.TASK.BENCHMARK.RESONATOR.CRAFTS','工艺',NULL,NULL,NULL,NULL,NULL,NULL,NULL,NULL,153,'2016-09-03 00:45:39','2016-09-03 00:45:39',0),(1416,'PROJECT.TASK.BENCHMARK.RESONATOR.WATER_HOLE','落水孔',NULL,NULL,NULL,NULL,NULL,NULL,NULL,NULL,153,'2016-09-03 00:45:39','2016-09-03 00:45:39',0),(1417,'PROJECT.TASK.BENCHMARK.RESONATOR.MOUNTING_POINT','谐振器安装点','数量 3, 螺栓, 螺母, 支架',NULL,NULL,NULL,NULL,NULL,NULL,NULL,153,'2016-09-03 00:45:39','2016-09-03 00:45:39',0),(1418,'PROJECT.TASK.BENCHMARK.RESONATOR.GAP_SURROUNDING','谐振器周边零件间隙','',0,NULL,NULL,NULL,NULL,NULL,NULL,153,'2016-09-03 00:45:39','2016-09-03 00:45:39',0),(1419,'PROJECT.TASK.BENCHMARK.AIR_FILTER.MASS','零件重量',NULL,0,NULL,NULL,NULL,NULL,NULL,NULL,154,'2016-09-03 00:45:39','2016-09-03 00:45:39',0),(1420,'PROJECT.TASK.BENCHMARK.AIR_FILTER.VOLUMN','零件容积',NULL,0,NULL,NULL,NULL,NULL,NULL,NULL,154,'2016-09-03 00:45:39','2016-09-03 00:45:39',0),(1421,'PROJECT.TASK.BENCHMARK.AIR_FILTER.WALLTHICKNESS','零件壁厚',NULL,0,NULL,NULL,NULL,NULL,NULL,NULL,154,'2016-09-03 00:45:39','2016-09-03 00:45:39',0),(1422,'PROJECT.TASK.BENCHMARK.AIR_FILTER.MATERIAL','零件材质',NULL,NULL,NULL,NULL,NULL,NULL,NULL,NULL,154,'2016-09-03 00:45:39','2016-09-03 00:45:39',0),(1423,'PROJECT.TASK.BENCHMARK.AIR_FILTER.CRAFTS','工艺',NULL,NULL,NULL,NULL,NULL,NULL,NULL,NULL,154,'2016-09-03 00:45:39','2016-09-03 00:45:39',0),(1424,'PROJECT.TASK.BENCHMARK.AIR_FILTER.DIMENSIONL','零件尺寸（长）',NULL,0,NULL,NULL,NULL,NULL,NULL,NULL,154,'2016-09-03 00:45:39','2016-09-03 00:45:39',0),(1425,'PROJECT.TASK.BENCHMARK.AIR_FILTER.DIMENSIONW','零件尺寸（宽）',NULL,0,NULL,NULL,NULL,NULL,NULL,NULL,154,'2016-09-03 00:45:39','2016-09-03 00:45:39',0),(1426,'PROJECT.TASK.BENCHMARK.AIR_FILTER.DIMENSIONH','零件尺寸（高）',NULL,0,NULL,NULL,NULL,NULL,NULL,NULL,154,'2016-09-03 00:45:39','2016-09-03 00:45:39',0),(1427,'PROJECT.TASK.BENCHMARK.AIR_FILTER.FILTER','滤芯',NULL,0,NULL,NULL,NULL,NULL,NULL,NULL,154,'2016-09-03 00:45:39','2016-09-03 00:45:39',0),(1428,'PROJECT.TASK.BENCHMARK.AIR_FILTER.WATER_HOLE','落水孔',NULL,NULL,NULL,NULL,NULL,NULL,NULL,NULL,154,'2016-09-03 00:45:39','2016-09-03 00:45:39',0),(1429,'PROJECT.TASK.BENCHMARK.AIR_FILTER.HIGH_FREQUENCY_RESONATOR','高频谐振器',NULL,NULL,NULL,NULL,NULL,NULL,NULL,NULL,154,'2016-09-03 00:45:39','2016-09-03 00:45:39',0),(1430,'PROJECT.TASK.BENCHMARK.AIR_FILTER.SENSORSFORM','传感器形式',NULL,NULL,NULL,NULL,NULL,NULL,NULL,NULL,154,'2016-09-03 00:45:39','2016-09-03 00:45:39',0),(1431,'PROJECT.TASK.BENCHMARK.AIR_FILTER.MOUNTING_POINT','空滤安装点','数量 3, 螺栓, 螺母, 支架',NULL,NULL,NULL,NULL,NULL,NULL,NULL,154,'2016-09-03 00:45:39','2016-09-03 00:45:39',0),(1432,'PROJECT.TASK.BENCHMARK.AIR_FILTER.GAP_SURROUNDING','空滤周边零件间隙','',0,NULL,NULL,NULL,NULL,NULL,NULL,154,'2016-09-03 00:45:39','2016-09-03 00:45:39',0),(1433,'PROJECT.TASK.BENCHMARK.OUTTAKE_PIPE.MASS','零件重量',NULL,0,NULL,NULL,NULL,NULL,NULL,NULL,155,'2016-09-03 00:45:39','2016-09-03 00:45:39',0),(1434,'PROJECT.TASK.BENCHMARK.OUTTAKE_PIPE.MATERIAL','零件材质',NULL,NULL,NULL,NULL,NULL,NULL,NULL,NULL,155,'2016-09-03 00:45:39','2016-09-03 00:45:39',0),(1435,'PROJECT.TASK.BENCHMARK.OUTTAKE_PIPE.CRAFTS','工艺',NULL,NULL,NULL,NULL,NULL,NULL,NULL,NULL,155,'2016-09-03 00:45:39','2016-09-03 00:45:39',0),(1436,'PROJECT.TASK.BENCHMARK.OUTTAKE_PIPE.WALLTHICKNESS','零件壁厚',NULL,0,NULL,NULL,NULL,NULL,NULL,NULL,155,'2016-09-03 00:45:39','2016-09-03 00:45:39',0),(1437,'PROJECT.TASK.BENCHMARK.OUTTAKE_PIPE.VOLUMN','零件容积',NULL,0,NULL,NULL,NULL,NULL,NULL,NULL,155,'2016-09-03 00:45:39','2016-09-03 00:45:39',0),(1438,'PROJECT.TASK.BENCHMARK.OUTTAKE_PIPE.DIMENSIONL','零件尺寸（长）',NULL,0,NULL,NULL,NULL,NULL,NULL,NULL,155,'2016-09-03 00:45:39','2016-09-03 00:45:39',0),(1439,'PROJECT.TASK.BENCHMARK.OUTTAKE_PIPE.DIMENSIONW','零件尺寸（宽）',NULL,0,NULL,NULL,NULL,NULL,NULL,NULL,155,'2016-09-03 00:45:39','2016-09-03 00:45:39',0),(1440,'PROJECT.TASK.BENCHMARK.OUTTAKE_PIPE.DIMENSIONH','零件尺寸（高）',NULL,0,NULL,NULL,NULL,NULL,NULL,NULL,155,'2016-09-03 00:45:39','2016-09-03 00:45:39',0),(1441,'PROJECT.TASK.BENCHMARK.OUTTAKE_PIPE.HIGH_FREQUENCY_RESONATOR','高频谐振器',NULL,NULL,NULL,NULL,NULL,NULL,NULL,NULL,155,'2016-09-03 00:45:39','2016-09-03 00:45:39',0),(1442,'PROJECT.TASK.BENCHMARK.OUTTAKE_PIPE.CLAMPS_NUM','卡箍(数量)',NULL,0,NULL,NULL,NULL,NULL,NULL,NULL,155,'2016-09-03 00:45:39','2016-09-03 00:45:39',0),(1443,'PROJECT.TASK.BENCHMARK.OUTTAKE_PIPE.CLAMPSW','卡箍(宽度mm)',NULL,0,NULL,NULL,NULL,NULL,NULL,NULL,155,'2016-09-03 00:45:39','2016-09-03 00:45:39',0),(1444,'PROJECT.TASK.BENCHMARK.OUTTAKE_PIPE.CLAMPS_WALLTHICKNESS','卡箍(壁厚mm)',NULL,0,NULL,NULL,NULL,NULL,NULL,NULL,155,'2016-09-03 00:45:39','2016-09-03 00:45:39',0),(1445,'PROJECT.TASK.BENCHMARK.OUTTAKE_PIPE.OUTLET_PIPE_SIZE','出气管尺寸',NULL,0,NULL,NULL,NULL,NULL,NULL,NULL,155,'2016-09-03 00:45:39','2016-09-03 00:45:39',0),(1446,'PROJECT.TASK.BENCHMARK.OUTTAKE_PIPE.THROTTLE_SIZE','节气门尺寸',NULL,0,NULL,NULL,NULL,NULL,NULL,NULL,155,'2016-09-03 00:45:39','2016-09-03 00:45:39',0),(1447,'PROJECT.TASK.BENCHMARK.OUTTAKE_PIPE.PCV_BOX_VOLUMN','PCV Box体积',NULL,0,NULL,NULL,NULL,NULL,NULL,NULL,155,'2016-09-03 00:45:39','2016-09-03 00:45:39',0),(1448,'PROJECT.TASK.BENCHMARK.OUTTAKE_PIPE.PCV_MAF_DIS','PCV与MAF之间距离',NULL,0,NULL,NULL,NULL,NULL,NULL,NULL,155,'2016-09-03 00:45:39','2016-09-03 00:45:39',0),(1449,'PROJECT.TASK.BENCHMARK.OUTTAKE_PIPE.GAP_SURROUNDING','出气管周边零件间隙','',0,NULL,NULL,NULL,NULL,NULL,NULL,155,'2016-09-03 00:45:39','2016-09-03 00:45:39',0),(1450,'PROJECT.TASK.BENCHMARK.PERFORMANCE.BP','压力降',NULL,0,NULL,NULL,NULL,NULL,NULL,NULL,156,'2016-09-03 00:45:39','2016-09-03 00:45:39',0),(1451,'PROJECT.TASK.BENCHMARK.PERFORMANCE.SYSTEM_MODAL','系统模态',NULL,0,NULL,NULL,NULL,NULL,NULL,NULL,156,'2016-09-03 00:45:39','2016-09-03 00:45:39',0),(1452,'PROJECT.TASK.BENCHMARK.PERFORMANCE.INTAKE_NOISE','进气口噪音','',NULL,NULL,NULL,NULL,NULL,NULL,NULL,156,'2016-09-03 00:45:39','2016-09-03 00:45:39',0),(1453,'PROJECT.TASK.BENCHMARK.PERFORMANCE.RADIATION_NOISE','辐射噪音','',NULL,NULL,NULL,NULL,NULL,NULL,NULL,156,'2016-09-03 00:45:39','2016-09-03 00:45:39',0),(1454,'PROJECT.TASK.BENCHMARK.PERFORMANCE.FILTRATION_EFFICIENCY','过滤效率',NULL,0,NULL,NULL,NULL,NULL,NULL,NULL,156,'2016-09-03 00:45:39','2016-09-03 00:45:39',0),(1455,'PROJECT.TASK.BENCHMARK.PERFORMANCE.DUST_HOLDING_CAPACITY','容尘量',NULL,0,NULL,NULL,NULL,NULL,NULL,NULL,156,'2016-09-03 00:45:39','2016-09-03 00:45:39',0),(1456,'PROJECT.TASK.BENCHMARK.PERFORMANCE.FILTER_LEAKAGE','滤芯泄漏量',NULL,0,NULL,NULL,NULL,NULL,NULL,NULL,156,'2016-09-03 00:45:39','2016-09-03 00:45:39',0),(1457,'PROJECT.TASK.BENCHMARK.PERFORMANCE.CUSHION_DYNAMIC_STIFFNESS','减震垫动刚度','',NULL,NULL,NULL,NULL,NULL,NULL,NULL,156,'2016-09-03 00:45:39','2016-09-03 00:45:39',0),(1458,'PROJECT.TASK.BENCHMARK.PERFORMANCE.FULCRUM_DYNAMIC_STIFFNESS','支点动刚度','',NULL,NULL,NULL,NULL,NULL,NULL,NULL,156,'2016-09-03 00:45:39','2016-09-03 00:45:39',0),(1459,'PROJECT.TASK.BENCHMARK.PERFORMANCE.PULLING_FORCE','拉拔力',NULL,0,NULL,NULL,NULL,NULL,NULL,NULL,156,'2016-09-03 00:45:39','2016-09-03 00:45:39',0),(1460,'PROJECT.TASK.BENCHMARK.PERFORMANCE.TRANSMISSION_LOSS','传递损失','',NULL,NULL,NULL,NULL,NULL,NULL,NULL,156,'2016-09-03 00:45:39','2016-09-03 00:45:39',0),(1461,'PROJECT.TASK.BENCHMARK.PERFORMANCE.INSERTION_LOSS','插入损失','',NULL,NULL,NULL,NULL,NULL,NULL,NULL,156,'2016-09-03 00:45:39','2016-09-03 00:45:39',0),(1462,'PROJECT.TASK.PPV_MRD.BOM_CHECK','PPV BOM check',NULL,0,NULL,'','\0',NULL,NULL,NULL,157,'2016-09-03 00:46:37','2016-09-03 00:46:37',0),(1463,'PROJECT.TASK.PPV_MRD.SIZE_CHECK','尺寸检查',NULL,0,NULL,'','\0',NULL,NULL,NULL,157,'2016-09-03 00:46:37','2016-09-03 00:46:37',0),(1464,'PROJECT.TASK.PPV_MRD.BP','背压／压力将(kpa)',NULL,0,NULL,'bpMax','\0',NULL,NULL,NULL,157,'2016-09-03 00:46:37','2016-09-03 00:46:37',0),(1465,'PROJECT.TASK.PPV_MRD.TRANSMISSIONLOSE','传递损失',NULL,0,NULL,'','\0',NULL,NULL,NULL,157,'2016-09-03 00:46:37','2016-09-03 00:46:37',0),(1466,'PROJECT.TASK.PPV_MRD.MASS','重量(kg)',NULL,0,NULL,'massMax','\0',NULL,NULL,NULL,157,'2016-09-03 00:46:37','2016-09-03 00:46:37',0),(1467,'PROJECT.TASK.PPV_MRD.MAF','MAF 5*5',NULL,0,NULL,'','\0',NULL,NULL,NULL,157,'2016-09-03 00:46:37','2016-09-03 00:46:37',0),(1468,'PROJECT.TASK.PPV_MRD.HARD_MODEL','硬模',NULL,0,NULL,'','\0',NULL,NULL,NULL,157,'2016-09-03 00:46:37','2016-09-03 00:46:37',0),(1469,'PROJECT.TASK.PPV_MRD.TEST_TOOL1','检具',NULL,0,NULL,'','\0',NULL,NULL,NULL,157,'2016-09-03 00:46:37','2016-09-03 00:46:37',0),(1470,'PROJECT.TASK.PPV_MRD.TEST_TOOL2','检具',NULL,0,NULL,'','\0',NULL,NULL,NULL,157,'2016-09-03 00:46:37','2016-09-03 00:46:37',0),(1471,'PROJECT.TASK.BENCHMARK.VIHICLE.BRAND','品牌',NULL,NULL,NULL,NULL,NULL,NULL,NULL,NULL,158,'2016-09-03 06:21:45','2016-09-03 06:21:45',0),(1472,'PROJECT.TASK.BENCHMARK.VIHICLE.STYLE','车型',NULL,NULL,NULL,NULL,NULL,NULL,NULL,NULL,158,'2016-09-03 06:21:45','2016-09-03 06:21:45',0),(1473,'PROJECT.TASK.BENCHMARK.VIHICLE.YEAR','配置型号（车型年）',NULL,NULL,NULL,NULL,NULL,NULL,NULL,NULL,158,'2016-09-03 06:21:45','2016-09-03 06:21:45',0),(1474,'PROJECT.TASK.BENCHMARK.VIHICLE.PRICE','官方指导价',NULL,100,NULL,NULL,NULL,NULL,NULL,NULL,158,'2016-09-03 06:21:45','2016-09-03 06:21:45',0),(1475,'PROJECT.TASK.BENCHMARK.VIHICLE.BODYFORM','车体形式',NULL,NULL,NULL,NULL,NULL,NULL,NULL,NULL,158,'2016-09-03 06:21:45','2016-09-03 06:21:45',0),(1476,'PROJECT.TASK.BENCHMARK.VIHICLE.STYLELEVEL','车型级别',NULL,NULL,NULL,NULL,NULL,NULL,NULL,NULL,158,'2016-09-03 06:21:45','2016-09-03 06:21:45',0),(1477,'PROJECT.TASK.BENCHMARK.VIHICLE.ENGINE_EMISSION','发动机排量',NULL,0,NULL,NULL,NULL,NULL,NULL,NULL,158,'2016-09-03 06:21:45','2016-09-03 06:21:45',0),(1478,'PROJECT.TASK.BENCHMARK.VIHICLE.INTAKE_FORM','进气形式',NULL,NULL,NULL,NULL,NULL,NULL,NULL,NULL,158,'2016-09-03 06:21:45','2016-09-03 06:21:45',0),(1479,'PROJECT.TASK.BENCHMARK.VIHICLE.CYLINDER_ARRANGEMENT_FORM','气缸排列形式',NULL,NULL,NULL,NULL,NULL,NULL,NULL,NULL,158,'2016-09-03 06:21:45','2016-09-03 06:21:45',0),(1480,'PROJECT.TASK.BENCHMARK.VIHICLE.CYLINDER_NUM','气缸数',NULL,NULL,NULL,NULL,NULL,NULL,NULL,NULL,158,'2016-09-03 06:21:45','2016-09-03 06:21:45',0),(1481,'PROJECT.TASK.BENCHMARK.VIHICLE.MAX_HOUSE_POWER','最大马力（Ps）',NULL,0,NULL,NULL,NULL,NULL,NULL,NULL,158,'2016-09-03 06:21:45','2016-09-03 06:21:45',0),(1482,'PROJECT.TASK.BENCHMARK.VIHICLE.MAX_POWER','最大功率（KW）',NULL,0,NULL,NULL,NULL,NULL,NULL,NULL,158,'2016-09-03 06:21:45','2016-09-03 06:21:45',0),(1483,'PROJECT.TASK.BENCHMARK.VIHICLE.MAX_POWER_SPEED','最大功率转速（rpm）',NULL,0,NULL,NULL,NULL,NULL,NULL,NULL,158,'2016-09-03 06:21:45','2016-09-03 06:21:45',0),(1484,'PROJECT.TASK.BENCHMARK.VIHICLE.MAX_TORQUE','最大扭矩（N.m）',NULL,0,NULL,NULL,NULL,NULL,NULL,NULL,158,'2016-09-03 06:21:45','2016-09-03 06:21:45',0),(1485,'PROJECT.TASK.BENCHMARK.VIHICLE.MAX_TORQUE_SPEED','最大扭矩转速（rpm）',NULL,0,NULL,NULL,NULL,NULL,NULL,NULL,158,'2016-09-03 06:21:45','2016-09-03 06:21:45',0),(1486,'PROJECT.TASK.BENCHMARK.VIHICLE.DISASSEMBLE_TIME','拆解时间',NULL,NULL,NULL,NULL,NULL,NULL,NULL,NULL,158,'2016-09-03 06:21:45','2016-09-03 06:21:45',0),(1487,'PROJECT.TASK.BENCHMARK.VIHICLE.SGM_TYPE','与SGM对标车型',NULL,NULL,NULL,NULL,NULL,NULL,NULL,NULL,158,'2016-09-03 06:21:45','2016-09-03 06:21:45',0),(1488,'PROJECT.TASK.BENCHMARK.VIHICLE.VEHICLE_MODULUS_NUM','整车数模号','整车数模号',NULL,NULL,NULL,NULL,NULL,NULL,NULL,158,'2016-09-03 06:21:45','2016-09-03 06:21:45',0),(1489,'PROJECT.TASK.BENCHMARK.VIHICLE.INTAKE_SYSTEM_MODULUS_NUM','进气系统数模号','AHE28708',NULL,NULL,NULL,NULL,NULL,NULL,NULL,158,'2016-09-03 06:21:45','2016-09-03 06:21:45',0),(1490,'PROJECT.TASK.BENCHMARK.VIHICLE.SUPPLIER','供应商','上海美嘉',NULL,NULL,NULL,NULL,NULL,NULL,NULL,158,'2016-09-03 06:21:45','2016-09-03 06:21:45',0),(1491,'PROJECT.TASK.BENCHMARK.VIHICLE.ADVANTAGE','设计亮点','位于tie bar 上方，较好的涉水性能',NULL,NULL,NULL,NULL,NULL,NULL,NULL,158,'2016-09-03 06:21:45','2016-09-03 06:21:45',0),(1492,'PROJECT.TASK.BENCHMARK.INTAKE_PIPE.MASS','零件重量',NULL,0,NULL,NULL,NULL,NULL,NULL,NULL,159,'2016-09-03 06:21:45','2016-09-03 06:21:45',0),(1493,'PROJECT.TASK.BENCHMARK.INTAKE_PIPE.VOLUMN','零件容积',NULL,0,NULL,NULL,NULL,NULL,NULL,NULL,159,'2016-09-03 06:21:45','2016-09-03 06:21:45',0),(1494,'PROJECT.TASK.BENCHMARK.INTAKE_PIPE.WALLTHICKNESS','零件壁厚',NULL,0,NULL,NULL,NULL,NULL,NULL,NULL,159,'2016-09-03 06:21:45','2016-09-03 06:21:45',0),(1495,'PROJECT.TASK.BENCHMARK.INTAKE_PIPE.DIMENSIONL','零件尺寸（长）',NULL,0,NULL,NULL,NULL,NULL,NULL,NULL,159,'2016-09-03 06:21:45','2016-09-03 06:21:45',0),(1496,'PROJECT.TASK.BENCHMARK.INTAKE_PIPE.DIMENSIONW','零件尺寸（宽）',NULL,0,NULL,NULL,NULL,NULL,NULL,NULL,159,'2016-09-03 06:21:45','2016-09-03 06:21:45',0),(1497,'PROJECT.TASK.BENCHMARK.INTAKE_PIPE.DIMENSIONH','零件尺寸（高）',NULL,0,NULL,NULL,NULL,NULL,NULL,NULL,159,'2016-09-03 06:21:45','2016-09-03 06:21:45',0),(1498,'PROJECT.TASK.BENCHMARK.INTAKE_PIPE.MATERIAL','零件材质',NULL,NULL,NULL,NULL,NULL,NULL,NULL,NULL,159,'2016-09-03 06:21:45','2016-09-03 06:21:45',0),(1499,'PROJECT.TASK.BENCHMARK.INTAKE_PIPE.INTAKE_PORT_POS','进气口位置','tie bar之上',NULL,NULL,NULL,NULL,NULL,NULL,NULL,159,'2016-09-03 06:21:45','2016-09-03 06:21:45',0),(1500,'PROJECT.TASK.BENCHMARK.INTAKE_PIPE.INTAKE_PORT_AREA','进气口面积',NULL,0,NULL,NULL,NULL,NULL,NULL,NULL,159,'2016-09-03 06:21:45','2016-09-03 06:21:45',0),(1501,'PROJECT.TASK.BENCHMARK.INTAKE_PIPE.CRAFTS','工艺',NULL,NULL,NULL,NULL,NULL,NULL,NULL,NULL,159,'2016-09-03 06:21:45','2016-09-03 06:21:45',0),(1502,'PROJECT.TASK.BENCHMARK.INTAKE_PIPE.WATER_PROOF','防水措施','防水零件:',NULL,NULL,NULL,NULL,NULL,NULL,NULL,159,'2016-09-03 06:21:45','2016-09-03 06:21:45',0),(1503,'PROJECT.TASK.BENCHMARK.INTAKE_PIPE.THERMAL','thermal措施','通过何种方式隔绝前舱热空气：',NULL,NULL,NULL,NULL,NULL,NULL,NULL,159,'2016-09-03 06:21:45','2016-09-03 06:21:45',0),(1504,'PROJECT.TASK.BENCHMARK.INTAKE_PIPE.MOUNTING_POINT','谐振器安装点','数量 3, 螺栓, 螺母, 支架',NULL,NULL,NULL,NULL,NULL,NULL,NULL,159,'2016-09-03 06:21:45','2016-09-03 06:21:45',0),(1505,'PROJECT.TASK.BENCHMARK.INTAKE_PIPE.GAP_SURROUNDING','进气管周边零件间隙','',0,NULL,NULL,NULL,NULL,NULL,NULL,159,'2016-09-03 06:21:45','2016-09-03 06:21:45',0),(1506,'PROJECT.TASK.BENCHMARK.RESONATOR.MASS','零件重量',NULL,0,NULL,NULL,NULL,NULL,NULL,NULL,160,'2016-09-03 06:21:45','2016-09-03 06:21:45',0),(1507,'PROJECT.TASK.BENCHMARK.RESONATOR.VOLUMN','零件容积',NULL,0,NULL,NULL,NULL,NULL,NULL,NULL,160,'2016-09-03 06:21:45','2016-09-03 06:21:45',0),(1508,'PROJECT.TASK.BENCHMARK.RESONATOR.WALLTHICKNESS','零件壁厚',NULL,0,NULL,NULL,NULL,NULL,NULL,NULL,160,'2016-09-03 06:21:45','2016-09-03 06:21:45',0),(1509,'PROJECT.TASK.BENCHMARK.RESONATOR.MATERIAL','零件材质',NULL,NULL,NULL,NULL,NULL,NULL,NULL,NULL,160,'2016-09-03 06:21:45','2016-09-03 06:21:45',0),(1510,'PROJECT.TASK.BENCHMARK.RESONATOR.CRAFTS','工艺',NULL,NULL,NULL,NULL,NULL,NULL,NULL,NULL,160,'2016-09-03 06:21:45','2016-09-03 06:21:45',0),(1511,'PROJECT.TASK.BENCHMARK.RESONATOR.WATER_HOLE','落水孔',NULL,NULL,NULL,NULL,NULL,NULL,NULL,NULL,160,'2016-09-03 06:21:45','2016-09-03 06:21:45',0),(1512,'PROJECT.TASK.BENCHMARK.RESONATOR.MOUNTING_POINT','谐振器安装点','数量 3, 螺栓, 螺母, 支架',NULL,NULL,NULL,NULL,NULL,NULL,NULL,160,'2016-09-03 06:21:45','2016-09-03 06:21:45',0),(1513,'PROJECT.TASK.BENCHMARK.RESONATOR.GAP_SURROUNDING','谐振器周边零件间隙','',0,NULL,NULL,NULL,NULL,NULL,NULL,160,'2016-09-03 06:21:45','2016-09-03 06:21:45',0),(1514,'PROJECT.TASK.BENCHMARK.AIR_FILTER.MASS','零件重量',NULL,0,NULL,NULL,NULL,NULL,NULL,NULL,161,'2016-09-03 06:21:45','2016-09-03 06:21:45',0),(1515,'PROJECT.TASK.BENCHMARK.AIR_FILTER.VOLUMN','零件容积',NULL,0,NULL,NULL,NULL,NULL,NULL,NULL,161,'2016-09-03 06:21:45','2016-09-03 06:21:45',0),(1516,'PROJECT.TASK.BENCHMARK.AIR_FILTER.WALLTHICKNESS','零件壁厚',NULL,0,NULL,NULL,NULL,NULL,NULL,NULL,161,'2016-09-03 06:21:45','2016-09-03 06:21:45',0),(1517,'PROJECT.TASK.BENCHMARK.AIR_FILTER.MATERIAL','零件材质',NULL,NULL,NULL,NULL,NULL,NULL,NULL,NULL,161,'2016-09-03 06:21:45','2016-09-03 06:21:45',0),(1518,'PROJECT.TASK.BENCHMARK.AIR_FILTER.CRAFTS','工艺',NULL,NULL,NULL,NULL,NULL,NULL,NULL,NULL,161,'2016-09-03 06:21:45','2016-09-03 06:21:45',0),(1519,'PROJECT.TASK.BENCHMARK.AIR_FILTER.DIMENSIONL','零件尺寸（长）',NULL,0,NULL,NULL,NULL,NULL,NULL,NULL,161,'2016-09-03 06:21:45','2016-09-03 06:21:45',0),(1520,'PROJECT.TASK.BENCHMARK.AIR_FILTER.DIMENSIONW','零件尺寸（宽）',NULL,0,NULL,NULL,NULL,NULL,NULL,NULL,161,'2016-09-03 06:21:45','2016-09-03 06:21:45',0),(1521,'PROJECT.TASK.BENCHMARK.AIR_FILTER.DIMENSIONH','零件尺寸（高）',NULL,0,NULL,NULL,NULL,NULL,NULL,NULL,161,'2016-09-03 06:21:45','2016-09-03 06:21:45',0),(1522,'PROJECT.TASK.BENCHMARK.AIR_FILTER.FILTER','滤芯',NULL,0,NULL,NULL,NULL,NULL,NULL,NULL,161,'2016-09-03 06:21:45','2016-09-03 06:21:45',0),(1523,'PROJECT.TASK.BENCHMARK.AIR_FILTER.WATER_HOLE','落水孔',NULL,NULL,NULL,NULL,NULL,NULL,NULL,NULL,161,'2016-09-03 06:21:45','2016-09-03 06:21:45',0),(1524,'PROJECT.TASK.BENCHMARK.AIR_FILTER.HIGH_FREQUENCY_RESONATOR','高频谐振器',NULL,NULL,NULL,NULL,NULL,NULL,NULL,NULL,161,'2016-09-03 06:21:45','2016-09-03 06:21:45',0),(1525,'PROJECT.TASK.BENCHMARK.AIR_FILTER.SENSORSFORM','传感器形式',NULL,NULL,NULL,NULL,NULL,NULL,NULL,NULL,161,'2016-09-03 06:21:45','2016-09-03 06:21:45',0),(1526,'PROJECT.TASK.BENCHMARK.AIR_FILTER.MOUNTING_POINT','空滤安装点','数量 3, 螺栓, 螺母, 支架',NULL,NULL,NULL,NULL,NULL,NULL,NULL,161,'2016-09-03 06:21:45','2016-09-03 06:21:45',0),(1527,'PROJECT.TASK.BENCHMARK.AIR_FILTER.GAP_SURROUNDING','空滤周边零件间隙','',0,NULL,NULL,NULL,NULL,NULL,NULL,161,'2016-09-03 06:21:45','2016-09-03 06:21:45',0),(1528,'PROJECT.TASK.BENCHMARK.OUTTAKE_PIPE.MASS','零件重量',NULL,0,NULL,NULL,NULL,NULL,NULL,NULL,162,'2016-09-03 06:21:45','2016-09-03 06:21:45',0),(1529,'PROJECT.TASK.BENCHMARK.OUTTAKE_PIPE.MATERIAL','零件材质',NULL,NULL,NULL,NULL,NULL,NULL,NULL,NULL,162,'2016-09-03 06:21:45','2016-09-03 06:21:45',0),(1530,'PROJECT.TASK.BENCHMARK.OUTTAKE_PIPE.CRAFTS','工艺',NULL,NULL,NULL,NULL,NULL,NULL,NULL,NULL,162,'2016-09-03 06:21:45','2016-09-03 06:21:45',0),(1531,'PROJECT.TASK.BENCHMARK.OUTTAKE_PIPE.WALLTHICKNESS','零件壁厚',NULL,0,NULL,NULL,NULL,NULL,NULL,NULL,162,'2016-09-03 06:21:45','2016-09-03 06:21:45',0),(1532,'PROJECT.TASK.BENCHMARK.OUTTAKE_PIPE.VOLUMN','零件容积',NULL,0,NULL,NULL,NULL,NULL,NULL,NULL,162,'2016-09-03 06:21:45','2016-09-03 06:21:45',0),(1533,'PROJECT.TASK.BENCHMARK.OUTTAKE_PIPE.DIMENSIONL','零件尺寸（长）',NULL,0,NULL,NULL,NULL,NULL,NULL,NULL,162,'2016-09-03 06:21:45','2016-09-03 06:21:45',0),(1534,'PROJECT.TASK.BENCHMARK.OUTTAKE_PIPE.DIMENSIONW','零件尺寸（宽）',NULL,0,NULL,NULL,NULL,NULL,NULL,NULL,162,'2016-09-03 06:21:45','2016-09-03 06:21:45',0),(1535,'PROJECT.TASK.BENCHMARK.OUTTAKE_PIPE.DIMENSIONH','零件尺寸（高）',NULL,0,NULL,NULL,NULL,NULL,NULL,NULL,162,'2016-09-03 06:21:45','2016-09-03 06:21:45',0),(1536,'PROJECT.TASK.BENCHMARK.OUTTAKE_PIPE.HIGH_FREQUENCY_RESONATOR','高频谐振器',NULL,NULL,NULL,NULL,NULL,NULL,NULL,NULL,162,'2016-09-03 06:21:45','2016-09-03 06:21:45',0),(1537,'PROJECT.TASK.BENCHMARK.OUTTAKE_PIPE.CLAMPS_NUM','卡箍(数量)',NULL,0,NULL,NULL,NULL,NULL,NULL,NULL,162,'2016-09-03 06:21:45','2016-09-03 06:21:45',0),(1538,'PROJECT.TASK.BENCHMARK.OUTTAKE_PIPE.CLAMPSW','卡箍(宽度mm)',NULL,0,NULL,NULL,NULL,NULL,NULL,NULL,162,'2016-09-03 06:21:45','2016-09-03 06:21:45',0),(1539,'PROJECT.TASK.BENCHMARK.OUTTAKE_PIPE.CLAMPS_WALLTHICKNESS','卡箍(壁厚mm)',NULL,0,NULL,NULL,NULL,NULL,NULL,NULL,162,'2016-09-03 06:21:45','2016-09-03 06:21:45',0),(1540,'PROJECT.TASK.BENCHMARK.OUTTAKE_PIPE.OUTLET_PIPE_SIZE','出气管尺寸',NULL,0,NULL,NULL,NULL,NULL,NULL,NULL,162,'2016-09-03 06:21:45','2016-09-03 06:21:45',0),(1541,'PROJECT.TASK.BENCHMARK.OUTTAKE_PIPE.THROTTLE_SIZE','节气门尺寸',NULL,0,NULL,NULL,NULL,NULL,NULL,NULL,162,'2016-09-03 06:21:45','2016-09-03 06:21:45',0),(1542,'PROJECT.TASK.BENCHMARK.OUTTAKE_PIPE.PCV_BOX_VOLUMN','PCV Box体积',NULL,0,NULL,NULL,NULL,NULL,NULL,NULL,162,'2016-09-03 06:21:45','2016-09-03 06:21:45',0),(1543,'PROJECT.TASK.BENCHMARK.OUTTAKE_PIPE.PCV_MAF_DIS','PCV与MAF之间距离',NULL,0,NULL,NULL,NULL,NULL,NULL,NULL,162,'2016-09-03 06:21:45','2016-09-03 06:21:45',0),(1544,'PROJECT.TASK.BENCHMARK.OUTTAKE_PIPE.GAP_SURROUNDING','出气管周边零件间隙','',0,NULL,NULL,NULL,NULL,NULL,NULL,162,'2016-09-03 06:21:45','2016-09-03 06:21:45',0),(1545,'PROJECT.TASK.BENCHMARK.PERFORMANCE.BP','压力降',NULL,0,NULL,NULL,NULL,NULL,NULL,NULL,163,'2016-09-03 06:21:45','2016-09-03 06:21:45',0),(1546,'PROJECT.TASK.BENCHMARK.PERFORMANCE.SYSTEM_MODAL','系统模态',NULL,0,NULL,NULL,NULL,NULL,NULL,NULL,163,'2016-09-03 06:21:45','2016-09-03 06:21:45',0),(1547,'PROJECT.TASK.BENCHMARK.PERFORMANCE.INTAKE_NOISE','进气口噪音','',NULL,NULL,NULL,NULL,NULL,NULL,NULL,163,'2016-09-03 06:21:45','2016-09-03 06:21:45',0),(1548,'PROJECT.TASK.BENCHMARK.PERFORMANCE.RADIATION_NOISE','辐射噪音','',NULL,NULL,NULL,NULL,NULL,NULL,NULL,163,'2016-09-03 06:21:45','2016-09-03 06:21:45',0),(1549,'PROJECT.TASK.BENCHMARK.PERFORMANCE.FILTRATION_EFFICIENCY','过滤效率',NULL,0,NULL,NULL,NULL,NULL,NULL,NULL,163,'2016-09-03 06:21:45','2016-09-03 06:21:45',0),(1550,'PROJECT.TASK.BENCHMARK.PERFORMANCE.DUST_HOLDING_CAPACITY','容尘量',NULL,0,NULL,NULL,NULL,NULL,NULL,NULL,163,'2016-09-03 06:21:45','2016-09-03 06:21:45',0),(1551,'PROJECT.TASK.BENCHMARK.PERFORMANCE.FILTER_LEAKAGE','滤芯泄漏量',NULL,0,NULL,NULL,NULL,NULL,NULL,NULL,163,'2016-09-03 06:21:45','2016-09-03 06:21:45',0),(1552,'PROJECT.TASK.BENCHMARK.PERFORMANCE.CUSHION_DYNAMIC_STIFFNESS','减震垫动刚度','',NULL,NULL,NULL,NULL,NULL,NULL,NULL,163,'2016-09-03 06:21:45','2016-09-03 06:21:45',0),(1553,'PROJECT.TASK.BENCHMARK.PERFORMANCE.FULCRUM_DYNAMIC_STIFFNESS','支点动刚度','',NULL,NULL,NULL,NULL,NULL,NULL,NULL,163,'2016-09-03 06:21:45','2016-09-03 06:21:45',0),(1554,'PROJECT.TASK.BENCHMARK.PERFORMANCE.PULLING_FORCE','拉拔力',NULL,0,NULL,NULL,NULL,NULL,NULL,NULL,163,'2016-09-03 06:21:45','2016-09-03 06:21:45',0),(1555,'PROJECT.TASK.BENCHMARK.PERFORMANCE.TRANSMISSION_LOSS','传递损失','',NULL,NULL,NULL,NULL,NULL,NULL,NULL,163,'2016-09-03 06:21:45','2016-09-03 06:21:45',0),(1556,'PROJECT.TASK.BENCHMARK.PERFORMANCE.INSERTION_LOSS','插入损失','',NULL,NULL,NULL,NULL,NULL,NULL,NULL,163,'2016-09-03 06:21:45','2016-09-03 06:21:45',0);
/*!40000 ALTER TABLE `property` ENABLE KEYS */;
UNLOCK TABLES;

--
-- Table structure for table `property_wrap`
--

DROP TABLE IF EXISTS `property_wrap`;
/*!40101 SET @saved_cs_client     = @@character_set_client */;
/*!40101 SET character_set_client = utf8 */;
CREATE TABLE `property_wrap` (
  `id` int(10) unsigned NOT NULL AUTO_INCREMENT,
  `label` varchar(200) DEFAULT NULL,
  `task_id` int(10) unsigned DEFAULT NULL,
  `create_time` timestamp NULL DEFAULT CURRENT_TIMESTAMP,
  `update_time` timestamp NULL DEFAULT CURRENT_TIMESTAMP ON UPDATE CURRENT_TIMESTAMP,
  `flag` tinyint(3) unsigned DEFAULT '0',
  PRIMARY KEY (`id`),
  UNIQUE KEY `id_UNIQUE` (`id`),
  KEY `task_property_wrap_idx` (`task_id`),
  CONSTRAINT `task_property_wrap` FOREIGN KEY (`task_id`) REFERENCES `task` (`id`) ON DELETE NO ACTION ON UPDATE NO ACTION
) ENGINE=InnoDB AUTO_INCREMENT=164 DEFAULT CHARSET=utf8;
/*!40101 SET character_set_client = @saved_cs_client */;

--
-- Dumping data for table `property_wrap`
--

LOCK TABLES `property_wrap` WRITE;
/*!40000 ALTER TABLE `property_wrap` DISABLE KEYS */;
INSERT INTO `property_wrap` VALUES (91,'整车级',118,'2016-09-01 02:24:19','2016-09-03 01:27:43',1),(92,'整车级',119,'2016-09-01 02:24:45','2016-09-01 02:24:45',0),(93,'整车级',120,'2016-09-01 02:27:09','2016-09-01 02:27:09',0),(94,'进气管',120,'2016-09-01 02:27:09','2016-09-01 02:27:09',0),(95,'整车级',121,'2016-09-01 02:27:40','2016-09-01 02:27:40',0),(96,'进气管',121,'2016-09-01 02:27:40','2016-09-01 02:27:40',0),(97,'整车级',122,'2016-09-01 02:32:53','2016-09-01 02:32:53',0),(98,'进气管',122,'2016-09-01 02:32:53','2016-09-01 02:32:53',0),(99,'谐振器',122,'2016-09-01 02:32:53','2016-09-01 02:32:53',0),(100,'空滤',122,'2016-09-01 02:32:53','2016-09-01 02:32:53',0),(101,'出气管',122,'2016-09-01 02:32:53','2016-09-01 02:32:53',0),(102,'性能',122,'2016-09-01 02:32:53','2016-09-01 02:32:53',0),(103,'整车级',123,'2016-09-01 02:33:33','2016-09-01 02:33:33',0),(104,'进气管',123,'2016-09-01 02:33:33','2016-09-01 02:33:33',0),(105,'谐振器',123,'2016-09-01 02:33:33','2016-09-01 02:33:33',0),(106,'空滤',123,'2016-09-01 02:33:33','2016-09-01 02:33:33',0),(107,'出气管',123,'2016-09-01 02:33:33','2016-09-01 02:33:33',0),(108,'性能',123,'2016-09-01 02:33:33','2016-09-01 02:33:33',0),(109,'整车级',126,'2016-09-01 13:07:31','2016-09-01 13:07:31',0),(110,'进气管',126,'2016-09-01 13:07:31','2016-09-01 13:07:31',0),(111,'谐振器',126,'2016-09-01 13:07:31','2016-09-01 13:07:31',0),(112,'空滤',126,'2016-09-01 13:07:31','2016-09-01 13:07:31',0),(113,'出气管',126,'2016-09-01 13:07:31','2016-09-01 13:07:31',0),(114,'性能',126,'2016-09-01 13:07:31','2016-09-01 13:07:31',0),(115,'整车级',127,'2016-09-01 13:08:47','2016-09-01 13:08:47',0),(116,'进气管',127,'2016-09-01 13:08:47','2016-09-01 13:08:47',0),(117,'谐振器',127,'2016-09-01 13:08:47','2016-09-01 13:08:47',0),(118,'空滤',127,'2016-09-01 13:08:47','2016-09-01 13:08:47',0),(119,'出气管',127,'2016-09-01 13:08:47','2016-09-01 13:08:47',0),(120,'性能',127,'2016-09-01 13:08:47','2016-09-01 13:08:47',0),(121,'整车级',128,'2016-09-02 02:49:40','2016-09-02 02:49:40',0),(122,'进气管',128,'2016-09-02 02:49:40','2016-09-02 02:49:40',0),(123,'谐振器',128,'2016-09-02 02:49:40','2016-09-02 02:49:40',0),(124,'空滤',128,'2016-09-02 02:49:40','2016-09-02 02:49:40',0),(125,'出气管',128,'2016-09-02 02:49:40','2016-09-02 02:49:40',0),(126,'性能',128,'2016-09-02 02:49:40','2016-09-02 02:49:40',0),(127,'整车级',129,'2016-09-02 02:57:31','2016-09-02 02:57:31',0),(128,'进气管',129,'2016-09-02 02:57:31','2016-09-02 02:57:31',0),(129,'谐振器',129,'2016-09-02 02:57:31','2016-09-02 02:57:31',0),(130,'空滤',129,'2016-09-02 02:57:31','2016-09-02 02:57:31',0),(131,'出气管',129,'2016-09-02 02:57:31','2016-09-02 02:57:31',0),(132,'性能',129,'2016-09-02 02:57:31','2016-09-02 02:57:31',0),(133,'',133,'2016-09-02 03:04:10','2016-09-02 03:04:10',0),(134,'',134,'2016-09-02 03:04:17','2016-09-02 03:04:17',0),(135,'',135,'2016-09-02 03:04:19','2016-09-02 03:04:19',0),(136,'',136,'2016-09-02 03:04:21','2016-09-02 03:04:21',0),(137,'',137,'2016-09-02 03:04:23','2016-09-02 03:04:23',0),(138,'整车级',138,'2016-09-02 03:04:25','2016-09-02 03:04:25',0),(139,'进气管',138,'2016-09-02 03:04:25','2016-09-02 03:04:25',0),(140,'谐振器',138,'2016-09-02 03:04:25','2016-09-02 03:04:25',0),(141,'空滤',138,'2016-09-02 03:04:25','2016-09-02 03:04:25',0),(142,'出气管',138,'2016-09-02 03:04:25','2016-09-02 03:04:25',0),(143,'性能',138,'2016-09-02 03:04:25','2016-09-02 03:04:25',0),(144,'整车级',139,'2016-09-02 03:04:30','2016-09-02 03:04:30',0),(145,'进气管',139,'2016-09-02 03:04:30','2016-09-02 03:04:30',0),(146,'谐振器',139,'2016-09-02 03:04:30','2016-09-02 03:04:30',0),(147,'空滤',139,'2016-09-02 03:04:30','2016-09-02 03:04:30',0),(148,'出气管',139,'2016-09-02 03:04:30','2016-09-02 03:04:30',0),(149,'性能',139,'2016-09-02 03:04:30','2016-09-02 03:04:30',0),(150,'',140,'2016-09-02 03:04:44','2016-09-02 03:04:44',0),(151,'整车级',142,'2016-09-03 00:45:39','2016-09-03 00:45:39',0),(152,'进气管',142,'2016-09-03 00:45:39','2016-09-03 00:45:39',0),(153,'谐振器',142,'2016-09-03 00:45:39','2016-09-03 00:45:39',0),(154,'空滤',142,'2016-09-03 00:45:39','2016-09-03 00:45:39',0),(155,'出气管',142,'2016-09-03 00:45:39','2016-09-03 00:45:39',0),(156,'性能',142,'2016-09-03 00:45:39','2016-09-03 00:45:39',0),(157,'',143,'2016-09-03 00:46:37','2016-09-03 00:46:37',0),(158,'整车级',144,'2016-09-03 06:21:45','2016-09-03 06:21:45',0),(159,'进气管',144,'2016-09-03 06:21:45','2016-09-03 06:21:45',0),(160,'谐振器',144,'2016-09-03 06:21:45','2016-09-03 06:21:45',0),(161,'空滤',144,'2016-09-03 06:21:45','2016-09-03 06:21:45',0),(162,'出气管',144,'2016-09-03 06:21:45','2016-09-03 06:21:45',0),(163,'性能',144,'2016-09-03 06:21:45','2016-09-03 06:21:45',0);
/*!40000 ALTER TABLE `property_wrap` ENABLE KEYS */;
UNLOCK TABLES;

--
-- Table structure for table `subtask`
--

DROP TABLE IF EXISTS `subtask`;
/*!40101 SET @saved_cs_client     = @@character_set_client */;
/*!40101 SET character_set_client = utf8 */;
CREATE TABLE `subtask` (
  `id` int(10) unsigned NOT NULL AUTO_INCREMENT,
  `label` varchar(45) DEFAULT NULL,
  `status` bit(1) DEFAULT b'0' COMMENT 'has finished or not.',
  `task_id` int(10) unsigned DEFAULT NULL,
  `create_time` timestamp NULL DEFAULT CURRENT_TIMESTAMP,
  `update_time` timestamp NULL DEFAULT CURRENT_TIMESTAMP ON UPDATE CURRENT_TIMESTAMP,
  `flag` tinyint(3) unsigned DEFAULT '0',
  PRIMARY KEY (`id`),
  UNIQUE KEY `id_UNIQUE` (`id`),
  KEY `task_subtask_idx` (`task_id`),
  CONSTRAINT `task_subtask` FOREIGN KEY (`task_id`) REFERENCES `task` (`id`) ON DELETE NO ACTION ON UPDATE NO ACTION
) ENGINE=InnoDB DEFAULT CHARSET=utf8;
/*!40101 SET character_set_client = @saved_cs_client */;

--
-- Dumping data for table `subtask`
--

LOCK TABLES `subtask` WRITE;
/*!40000 ALTER TABLE `subtask` DISABLE KEYS */;
/*!40000 ALTER TABLE `subtask` ENABLE KEYS */;
UNLOCK TABLES;

--
-- Table structure for table `tag`
--

DROP TABLE IF EXISTS `tag`;
/*!40101 SET @saved_cs_client     = @@character_set_client */;
/*!40101 SET character_set_client = utf8 */;
CREATE TABLE `tag` (
  `label` varchar(50) NOT NULL DEFAULT '""',
  `id` int(10) unsigned NOT NULL AUTO_INCREMENT,
  `time` timestamp NULL DEFAULT CURRENT_TIMESTAMP,
  `week` int(11) DEFAULT NULL,
  `project_id` int(10) unsigned DEFAULT NULL,
  `create_time` timestamp NULL DEFAULT CURRENT_TIMESTAMP,
  `update_time` timestamp NULL DEFAULT CURRENT_TIMESTAMP ON UPDATE CURRENT_TIMESTAMP,
  `flag` tinyint(3) unsigned DEFAULT '0',
  PRIMARY KEY (`id`),
  UNIQUE KEY `id_UNIQUE` (`id`),
  KEY `project_tag_idx` (`project_id`),
  CONSTRAINT `project_tag` FOREIGN KEY (`project_id`) REFERENCES `project` (`id`) ON DELETE NO ACTION ON UPDATE NO ACTION
) ENGINE=InnoDB AUTO_INCREMENT=206 DEFAULT CHARSET=utf8;
/*!40101 SET character_set_client = @saved_cs_client */;

--
-- Dumping data for table `tag`
--

LOCK TABLES `tag` WRITE;
/*!40000 ALTER TABLE `tag` DISABLE KEYS */;
INSERT INTO `tag` VALUES ('DSI',131,'2016-01-10 12:46:40',30,64,'2016-08-31 11:21:07','2016-08-31 11:21:07',0),('VPI',132,'2016-05-22 12:43:20',20,64,'2016-08-31 11:21:07','2016-08-31 11:21:07',0),('DSO',133,'2016-11-06 12:56:40',10,64,'2016-08-31 11:21:07','2016-08-31 11:21:07',0),('DSI',134,'2016-01-10 12:46:40',30,65,'2016-08-31 11:23:55','2016-08-31 11:23:55',0),('VPI',135,'2016-05-22 12:43:20',20,65,'2016-08-31 11:23:55','2016-08-31 11:23:55',0),('DSO',136,'2016-11-06 12:56:40',10,65,'2016-08-31 11:23:55','2016-08-31 11:23:55',0),('DSI',137,'2016-01-10 12:46:40',30,66,'2016-08-31 15:24:22','2016-08-31 15:24:22',0),('VPI',138,'2016-05-22 12:43:20',20,66,'2016-08-31 15:24:22','2016-08-31 15:24:22',0),('DSO',139,'2016-11-06 12:56:40',10,66,'2016-08-31 15:24:22','2016-08-31 15:24:22',0),('DSI',140,'2016-01-10 12:46:40',30,67,'2016-08-31 21:15:11','2016-08-31 21:15:11',0),('VPI',141,'2016-05-22 12:43:20',20,67,'2016-08-31 21:15:11','2016-08-31 21:15:11',0),('DSO',142,'2016-11-06 12:56:40',10,67,'2016-08-31 21:15:11','2016-08-31 21:15:11',0),('DSI',143,'2016-01-10 12:46:40',30,68,'2016-08-31 21:36:07','2016-08-31 21:36:07',0),('VPI',144,'2016-05-22 12:43:20',20,68,'2016-08-31 21:36:07','2016-08-31 21:36:07',0),('DSO',145,'2016-11-06 12:56:40',10,68,'2016-08-31 21:36:07','2016-08-31 21:36:07',0),('DSI',146,'2016-01-09 16:00:00',30,69,'2016-08-31 21:46:01','2016-08-31 21:46:01',0),('VPI',147,'2016-05-21 16:00:00',20,69,'2016-08-31 21:46:01','2016-08-31 21:46:01',0),('DSO',148,'2016-11-05 16:00:00',10,69,'2016-08-31 21:46:01','2016-08-31 21:46:01',0),('DSI',149,'2016-01-09 16:00:00',30,70,'2016-08-31 21:46:37','2016-08-31 21:46:37',0),('VPI',150,'2016-05-21 16:00:00',20,70,'2016-08-31 21:46:37','2016-08-31 21:46:37',0),('DSO',151,'2016-11-05 16:00:00',10,70,'2016-08-31 21:46:37','2016-08-31 21:46:37',0),('DSI',152,'2016-01-09 16:00:00',30,71,'2016-08-31 21:50:18','2016-08-31 21:50:18',0),('VPI',153,'2016-05-04 16:00:00',20,71,'2016-08-31 21:50:18','2016-08-31 21:50:18',0),('DSO',154,'2016-11-04 16:00:00',10,71,'2016-08-31 21:50:18','2016-08-31 21:50:18',0),('DSI',155,'2016-01-04 16:00:00',30,72,'2016-08-31 21:52:10','2016-08-31 21:52:10',0),('VPI',156,'2016-05-04 16:00:00',20,72,'2016-08-31 21:52:10','2016-08-31 21:52:10',0),('DSO',157,'2016-11-04 16:00:00',10,72,'2016-08-31 21:52:10','2016-08-31 21:52:10',0),('DSI',158,'2016-01-04 16:00:00',30,73,'2016-08-31 21:56:51','2016-08-31 21:56:51',0),('VPI',159,'2016-05-04 16:00:00',20,73,'2016-08-31 21:56:51','2016-08-31 21:56:51',0),('DSO',160,'2016-11-04 16:00:00',10,73,'2016-08-31 21:56:51','2016-08-31 21:56:51',0),('DSI',161,'2016-01-10 12:46:40',30,74,'2016-08-31 22:04:11','2016-08-31 22:04:11',0),('VPI',162,'2016-05-22 12:43:20',20,74,'2016-08-31 22:04:11','2016-08-31 22:04:11',0),('DSO',163,'2016-11-06 12:56:40',10,74,'2016-08-31 22:04:11','2016-08-31 22:04:11',0),('DSI',164,'2016-01-09 16:00:00',30,75,'2016-08-31 23:56:54','2016-08-31 23:56:54',0),('VPI',165,'2016-05-21 16:00:00',20,75,'2016-08-31 23:56:54','2016-08-31 23:56:54',0),('DSO',166,'2016-11-05 16:00:00',10,75,'2016-08-31 23:56:54','2016-08-31 23:56:54',0),('DSI',167,'2016-01-09 16:00:00',30,76,'2016-08-31 23:58:51','2016-08-31 23:58:51',0),('VPI',168,'2016-05-21 16:00:00',20,76,'2016-08-31 23:58:51','2016-08-31 23:58:51',0),('DSO',169,'2016-11-05 16:00:00',10,76,'2016-08-31 23:58:51','2016-08-31 23:58:51',0),('DSI',170,'2016-01-09 16:00:00',30,77,'2016-09-01 00:00:41','2016-09-01 00:00:41',0),('VPI',171,'2016-05-21 16:00:00',20,77,'2016-09-01 00:00:41','2016-09-01 00:00:41',0),('DSO',172,'2016-11-05 16:00:00',10,77,'2016-09-01 00:00:41','2016-09-01 00:00:41',0),('DSI',173,'2016-01-09 16:00:00',30,78,'2016-09-01 00:01:50','2016-09-01 00:01:50',0),('VPI',174,'2016-05-21 16:00:00',20,78,'2016-09-01 00:01:50','2016-09-01 00:01:50',0),('DSO',175,'2016-11-05 16:00:00',10,78,'2016-09-01 00:01:50','2016-09-01 00:01:50',0),('DSI',176,'2016-01-09 16:00:00',30,79,'2016-09-01 00:01:57','2016-09-01 00:01:57',0),('VPI',177,'2016-05-21 16:00:00',20,79,'2016-09-01 00:01:57','2016-09-01 00:01:57',0),('DSO',178,'2016-11-05 16:00:00',10,79,'2016-09-01 00:01:57','2016-09-01 00:01:57',0),('DSI',197,'2016-01-10 12:46:40',30,86,'2016-09-01 02:08:32','2016-09-01 02:08:32',0),('VPI',198,'2016-05-22 12:43:20',20,86,'2016-09-01 02:08:32','2016-09-01 02:08:32',0),('DSO',199,'2016-11-06 12:56:40',10,86,'2016-09-01 02:08:32','2016-09-01 02:08:32',0),('DSI',200,'2016-01-09 16:00:00',30,87,'2016-09-01 02:08:39','2016-09-01 02:08:39',0),('VPI',201,'2016-05-21 16:00:00',20,87,'2016-09-01 02:08:39','2016-09-01 02:08:39',0),('DSO',202,'2016-11-05 16:00:00',10,87,'2016-09-01 02:08:39','2016-09-01 02:08:39',0),('DSI',203,'2016-01-09 16:00:00',30,88,'2016-09-03 00:43:44','2016-09-03 00:43:44',0),('VPI',204,'2016-05-21 16:00:00',20,88,'2016-09-03 00:43:44','2016-09-03 00:43:44',0),('DSO',205,'2016-11-05 16:00:00',10,88,'2016-09-03 00:43:44','2016-09-03 00:43:44',0);
/*!40000 ALTER TABLE `tag` ENABLE KEYS */;
UNLOCK TABLES;

--
-- Table structure for table `task`
--

DROP TABLE IF EXISTS `task`;
/*!40101 SET @saved_cs_client     = @@character_set_client */;
/*!40101 SET character_set_client = utf8 */;
CREATE TABLE `task` (
  `id` int(10) unsigned NOT NULL AUTO_INCREMENT,
  `label` varchar(100) DEFAULT NULL,
  `start_time` timestamp NULL DEFAULT CURRENT_TIMESTAMP,
  `end_time` timestamp NULL DEFAULT CURRENT_TIMESTAMP,
  `desc` varchar(500) DEFAULT NULL,
  `priority` tinyint(1) DEFAULT NULL,
  `exp` varchar(500) DEFAULT NULL,
  `start_week` int(11) DEFAULT NULL,
  `end_week` int(11) DEFAULT NULL,
  `template_type` tinyint(4) DEFAULT NULL,
  `project_id` int(10) unsigned DEFAULT NULL,
  `create_time` timestamp NULL DEFAULT CURRENT_TIMESTAMP,
  `update_time` timestamp NULL DEFAULT CURRENT_TIMESTAMP ON UPDATE CURRENT_TIMESTAMP,
  `flag` tinyint(3) unsigned DEFAULT '0',
  PRIMARY KEY (`id`),
  UNIQUE KEY `id_UNIQUE` (`id`),
  KEY `projectId_idx` (`project_id`),
  CONSTRAINT `project_task` FOREIGN KEY (`project_id`) REFERENCES `project` (`id`) ON DELETE NO ACTION ON UPDATE NO ACTION
) ENGINE=InnoDB AUTO_INCREMENT=145 DEFAULT CHARSET=utf8;
/*!40101 SET character_set_client = @saved_cs_client */;

--
-- Dumping data for table `task`
--

LOCK TABLES `task` WRITE;
/*!40000 ALTER TABLE `task` DISABLE KEYS */;
INSERT INTO `task` VALUES (85,'Task','2016-06-20 02:00:00','2016-06-22 02:53:20','',0,'',0,0,1,64,'2016-08-31 11:21:07','2016-08-31 11:21:07',0),(86,'Task','2016-06-20 02:00:00','2016-06-22 02:53:20','',0,'',0,0,1,65,'2016-08-31 11:23:55','2016-08-31 11:23:55',0),(87,'Task','2016-06-20 02:00:00','2016-06-22 02:53:20','',0,'',0,0,1,66,'2016-08-31 15:24:22','2016-08-31 15:24:22',0),(92,'竞争车型','2016-06-20 02:00:00','2016-06-22 03:00:00','',0,'',0,0,7,66,'2016-08-31 21:05:02','2016-08-31 21:05:02',0),(95,'Task','2016-06-20 02:00:00','2016-06-22 02:53:20','',0,'',10,10,1,67,'2016-08-31 21:15:11','2016-08-31 21:15:11',0),(96,'Task','2016-06-20 02:00:00','2016-06-22 02:53:20','',0,'',10,10,1,68,'2016-08-31 21:36:07','2016-08-31 21:36:07',0),(97,'Task','2016-06-22 21:45:59','2016-06-22 21:45:59','',0,'',10,10,0,69,'2016-08-31 21:46:01','2016-08-31 21:46:01',0),(98,'Task','2016-06-22 21:46:37','2016-06-22 21:46:37','',0,'',10,10,0,70,'2016-08-31 21:46:37','2016-08-31 21:46:37',0),(99,'Task','2016-06-22 21:50:17','2016-06-22 21:50:17','',0,'',10,10,0,71,'2016-08-31 21:50:18','2016-08-31 21:50:18',0),(100,'Task','2016-06-22 21:52:05','2016-06-22 21:52:05','',0,'',10,10,0,72,'2016-08-31 21:52:10','2016-08-31 21:52:10',0),(101,'Task','2016-06-22 21:56:50','2016-06-22 21:56:50','',0,'',10,10,0,73,'2016-08-31 21:56:51','2016-08-31 21:56:51',0),(102,'Task','2016-06-20 02:00:00','2016-06-22 02:53:20','',0,'',10,10,1,74,'2016-08-31 22:04:11','2016-08-31 22:04:11',0),(103,'Task','2016-06-22 23:56:49','2016-06-22 23:56:49','',0,'',10,10,0,75,'2016-08-31 23:56:54','2016-08-31 23:56:54',0),(104,'Task','2016-06-22 23:58:45','2016-06-22 23:58:45','',0,'',10,10,0,76,'2016-08-31 23:58:51','2016-08-31 23:58:51',0),(105,'Task','2016-06-23 00:00:36','2016-06-23 00:00:36','',0,'',10,10,0,77,'2016-09-01 00:00:41','2016-09-01 00:00:41',0),(106,'Task','2016-06-23 00:01:50','2016-06-23 00:01:50','',0,'',10,10,0,78,'2016-09-01 00:01:50','2016-09-01 00:01:50',0),(107,'Task','2016-06-23 00:01:57','2016-06-23 00:01:57','',0,'',10,10,0,79,'2016-09-01 00:01:57','2016-09-01 00:01:57',0),(114,'Task','2016-06-20 02:00:00','2016-06-22 02:53:20','',0,'',10,10,1,86,'2016-09-01 02:08:32','2016-09-01 02:08:32',0),(115,'Task','2016-06-23 02:08:39','2016-06-23 02:08:39','',0,'',10,10,0,87,'2016-09-01 02:08:39','2016-09-01 02:08:39',0),(118,'竞争车型','2016-06-20 02:00:00','2016-06-22 03:00:00','',0,'',0,0,7,87,'2016-09-01 02:24:19','2016-09-03 01:24:06',1),(119,'竞争车型','2016-06-20 02:00:00','2016-06-22 03:00:00','',0,'',0,0,7,87,'2016-09-01 02:24:45','2016-09-01 02:24:45',0),(120,'竞争车型','2016-06-20 02:00:00','2016-06-22 03:00:00','',0,'',0,0,7,87,'2016-09-01 02:27:09','2016-09-01 02:27:09',0),(121,'竞争车型','2016-06-20 02:00:00','2016-06-22 03:00:00','',0,'',0,0,7,87,'2016-09-01 02:27:40','2016-09-01 02:27:40',0),(122,'竞争车型','2016-06-20 02:00:00','2016-06-22 03:00:00','',0,'',0,0,7,87,'2016-09-01 02:32:53','2016-09-01 02:32:53',0),(123,'竞争车型','2016-06-20 02:00:00','2016-06-22 03:00:00','',0,'',0,0,7,87,'2016-09-01 02:33:33','2016-09-01 02:33:33',0),(124,'竞争车型','2016-09-01 07:00:00','2016-09-01 08:00:00','',0,'',0,0,7,87,'2016-09-01 12:12:57','2016-09-01 12:12:57',0),(125,'竞争车型','2016-09-01 07:00:00','2016-09-01 08:00:00','',0,'',0,0,7,87,'2016-09-01 12:14:58','2016-09-01 12:14:58',0),(126,'竞争车型','2016-09-01 09:00:00','2016-09-01 10:00:00','',0,'',0,0,7,87,'2016-09-01 13:07:31','2016-09-01 13:07:31',0),(127,'竞争车型','2016-09-01 10:00:00','2016-09-01 11:00:00','',0,'',0,0,7,87,'2016-09-01 13:08:47','2016-09-01 13:08:47',0),(128,'竞争车型','2016-09-02 05:00:00','2016-09-02 06:00:00','',0,'',0,0,7,87,'2016-09-02 02:49:40','2016-09-02 02:49:40',0),(129,'竞争车型','2016-09-02 09:00:00','2016-09-02 10:00:00','',0,'',0,0,7,87,'2016-09-02 02:57:31','2016-09-02 02:57:31',0),(130,'普通','2016-09-01 18:00:00','2016-09-01 19:00:00','',0,'',0,0,0,87,'2016-09-02 02:59:20','2016-09-02 02:59:20',0),(131,'普通','2016-09-01 20:00:00','2016-09-01 21:00:00','',0,'',0,0,0,87,'2016-09-02 02:59:24','2016-09-02 02:59:24',0),(132,'EWO','2016-09-01 22:00:00','2016-09-01 23:00:00','',0,'',0,0,1,87,'2016-09-02 02:59:27','2016-09-02 02:59:27',0),(133,'HotIssue','2016-09-01 23:00:00','2016-09-02 00:00:00','',0,'',0,0,2,87,'2016-09-02 03:04:10','2016-09-02 03:04:10',0),(134,'Mule MRD交样','2016-09-02 00:00:00','2016-09-02 01:00:00','',0,'',0,0,3,87,'2016-09-02 03:04:17','2016-09-02 03:04:17',0),(135,'IV Tuning','2016-09-02 03:00:00','2016-09-02 04:00:00','',0,'',0,0,4,87,'2016-09-02 03:04:19','2016-09-02 03:04:19',0),(136,'Hard tooling','2016-09-02 03:00:00','2016-09-02 04:00:00','',0,'',0,0,5,87,'2016-09-02 03:04:21','2016-09-02 03:04:21',0),(137,'PPV MRD','2016-09-02 03:00:00','2016-09-02 04:00:00','',0,'',0,0,6,87,'2016-09-02 03:04:23','2016-09-02 03:04:23',0),(138,'竞争车型','2016-09-02 03:00:00','2016-09-02 04:00:00','',0,'',0,0,7,87,'2016-09-02 03:04:25','2016-09-02 03:04:25',0),(139,'竞争车型','2016-09-02 03:00:00','2016-09-02 04:00:00','',0,'',0,0,7,87,'2016-09-02 03:04:30','2016-09-02 03:04:30',0),(140,'PPV MRD','2016-09-02 01:00:00','2016-09-02 02:00:00','',0,'',0,0,6,86,'2016-09-02 03:04:44','2016-09-02 03:04:44',0),(141,'Task','2016-06-25 00:43:43','2016-06-25 00:43:43','',0,'',10,10,0,88,'2016-09-03 00:43:44','2016-09-03 00:43:44',0),(142,'竞争车型','2016-06-25 01:00:00','2016-06-25 02:00:00','',0,'',0,0,7,88,'2016-09-03 00:45:39','2016-09-03 00:45:39',0),(143,'PPV MRD','2016-06-25 02:00:00','2016-06-25 03:00:00','',0,'',0,0,6,88,'2016-09-03 00:46:37','2016-09-03 00:46:37',0),(144,'竞争车型','2016-09-03 01:00:00','2016-09-03 02:00:00','',0,'',0,0,7,88,'2016-09-03 06:21:45','2016-09-03 06:21:45',0);
/*!40000 ALTER TABLE `task` ENABLE KEYS */;
UNLOCK TABLES;

--
-- Table structure for table `user`
--

DROP TABLE IF EXISTS `user`;
/*!40101 SET @saved_cs_client     = @@character_set_client */;
/*!40101 SET character_set_client = utf8 */;
CREATE TABLE `user` (
  `id` int(11) NOT NULL AUTO_INCREMENT,
  `name` varchar(100) DEFAULT NULL,
  `password` varchar(100) DEFAULT NULL,
  `email` varchar(300) NOT NULL,
  `create_time` timestamp NULL DEFAULT CURRENT_TIMESTAMP,
  `update_time` timestamp NULL DEFAULT CURRENT_TIMESTAMP ON UPDATE CURRENT_TIMESTAMP,
  `flag` tinyint(3) unsigned DEFAULT '0',
  PRIMARY KEY (`id`),
  UNIQUE KEY `id_UNIQUE` (`id`),
  UNIQUE KEY `email_UNIQUE` (`email`),
  UNIQUE KEY `name_UNIQUE` (`name`)
) ENGINE=InnoDB AUTO_INCREMENT=114 DEFAULT CHARSET=utf8;
/*!40101 SET character_set_client = @saved_cs_client */;

--
-- Dumping data for table `user`
--

LOCK TABLES `user` WRITE;
/*!40000 ALTER TABLE `user` DISABLE KEYS */;
INSERT INTO `user` VALUES (2,'a','a','a@a.com',NULL,'2016-08-28 17:08:43',0),(3,'b','b','b@b.com',NULL,'2016-08-28 17:08:43',0),(4,'c','c','c@c.com',NULL,'2016-08-28 17:08:43',0),(16,'d','d','d@d.com',NULL,'2016-08-28 17:08:43',0),(18,'e','e','e@e.com',NULL,'2016-08-28 17:08:43',0),(21,'f','f','f@f.com',NULL,'2016-08-28 17:08:43',0),(23,'g','g','g@g.com',NULL,'2016-08-28 17:08:43',0),(24,'h','h','h@h.com',NULL,'2016-08-28 17:08:43',0),(25,'i','i','i@i.com',NULL,'2016-08-28 17:08:43',0),(29,'j','j','j@j.com',NULL,'2016-08-28 17:08:43',0),(34,'k','k','k@k.com',NULL,'2016-08-28 17:08:43',0),(35,'l','l','l@l.com',NULL,'2016-08-28 17:08:43',0),(36,'m','m','m@m.com',NULL,'2016-08-28 17:08:43',0),(37,'n','n','n@n.com',NULL,'2016-08-28 17:08:43',0),(38,'o','o','o@o.com',NULL,'2016-08-28 17:08:43',0),(39,'p','p','p@p.com',NULL,'2016-08-28 17:08:43',0),(40,'q','q','q@q.com',NULL,'2016-08-28 17:08:43',0),(41,'r','r','r@r.com',NULL,'2016-08-28 17:08:43',0),(42,'s','s','s@s.com',NULL,'2016-08-28 17:08:43',0),(46,'t','t','t@t.com',NULL,'2016-08-28 17:08:43',0),(47,'u','u','u@u.com',NULL,'2016-08-28 17:08:43',0),(49,'v','v','v@v.com',NULL,'2016-08-28 17:08:43',0),(70,'w','w','w@w.com',NULL,'2016-08-28 17:08:43',0),(71,'x','x','x@x.com',NULL,'2016-08-28 17:08:43',0),(72,'y','y','y@y.com',NULL,'2016-08-28 17:08:43',0),(73,'z','z','z@z.com',NULL,'2016-08-28 17:08:43',0),(75,'aa','aa','aa@aa.com',NULL,'2016-08-28 17:08:43',0),(78,'bb','bb','bb@bb.com',NULL,'2016-08-28 17:08:43',0),(81,'cc','cc','cc@cc.com',NULL,'2016-08-28 17:08:43',0),(83,'dd','dd','dd@dd.com',NULL,'2016-08-28 17:08:43',0),(88,'ee','ee','ee@ee.com',NULL,'2016-08-28 17:08:43',0),(98,'ff','ff','ff@ff.com',NULL,'2016-08-28 17:08:43',0),(100,'gg','gg','gg@gg.com',NULL,'2016-08-28 17:08:43',0),(101,'hh','hh','hh@hh.com',NULL,'2016-08-28 17:08:43',0),(105,'ii','ii','ii@ii.com',NULL,'2016-08-28 17:08:43',0),(108,'jj','jj','jj@jj.com',NULL,'2016-08-28 17:08:43',0),(109,'kk','kk','kk@kk.com',NULL,'2016-08-28 17:08:43',0),(110,'pai','pai','pai@patac.com',NULL,'2016-08-28 17:08:43',0),(112,'frida','frida','frida@frida.com',NULL,'2016-08-28 17:08:43',0),(113,'pai2','pai','pai@pai.com','2016-08-31 15:19:48','2016-08-31 15:19:48',0);
/*!40000 ALTER TABLE `user` ENABLE KEYS */;
UNLOCK TABLES;
/*!40103 SET TIME_ZONE=@OLD_TIME_ZONE */;

/*!40101 SET SQL_MODE=@OLD_SQL_MODE */;
/*!40014 SET FOREIGN_KEY_CHECKS=@OLD_FOREIGN_KEY_CHECKS */;
/*!40014 SET UNIQUE_CHECKS=@OLD_UNIQUE_CHECKS */;
/*!40101 SET CHARACTER_SET_CLIENT=@OLD_CHARACTER_SET_CLIENT */;
/*!40101 SET CHARACTER_SET_RESULTS=@OLD_CHARACTER_SET_RESULTS */;
/*!40101 SET COLLATION_CONNECTION=@OLD_COLLATION_CONNECTION */;
/*!40111 SET SQL_NOTES=@OLD_SQL_NOTES */;

-- Dump completed on 2016-09-04 16:33:15
